invoice_id,supplier_id,company_id,amount,issue_date,discount_percentage,discount_deadline,late_penalty_percentage,currency,payment_method,status,actual_payment_date,data_source
INV00001,SUP004,COMP001,32820970.4,2025-08-24,0.0,,1.0,INR,CHEQUE,PAID,2025-09-23,HISTORICAL
INV00002,SUP010,COMP001,33381685.97,2025-12-15,2.0,2026-01-04,0.0,INR,IMPS,PENDING,,HISTORICAL
INV00003,SUP003,COMP001,36524146.21,2025-03-11,0.0,,1.5,INR,NEFT,PAID,2025-03-25,HISTORICAL
INV00004,SUP009,COMP001,12035453.82,2025-05-30,1.0,2025-06-14,0.0,INR,CHEQUE,PAID,2025-07-13,HISTORICAL
INV00005,SUP002,COMP001,12794703.71,2025-09-06,0.0,,1.0,INR,NEFT,PAID,2025-10-05,HISTORICAL
INV00006,SUP013,COMP001,12897482.72,2025-10-14,0.0,,2.0,INR,NEFT,PAID,2025-12-17,HISTORICAL
INV00007,SUP012,COMP001,50029147.26,2025-03-06,0.0,,2.0,INR,NEFT,PAID,2025-05-02,HISTORICAL
INV00008,SUP003,COMP001,52639713.58,2025-07-01,2.0,2025-07-08,0.0,INR,RTGS,PAID,2025-07-16,HISTORICAL
INV00009,SUP015,COMP001,49137402.15,2025-06-25,1.0,2025-07-10,0.0,INR,IMPS,PAID,2025-08-09,HISTORICAL
INV00010,SUP003,COMP001,39645345.71,2025-09-12,1.5,2025-09-19,0.0,INR,RTGS,PAID,2025-09-27,HISTORICAL
INV00011,SUP013,COMP001,35304645.57,2025-05-01,2.0,2025-05-21,2.0,INR,NEFT,OVERDUE,,HISTORICAL
INV00012,SUP003,COMP001,47120570.17,2025-03-27,0.0,,1.0,INR,IMPS,PAID,2025-04-08,HISTORICAL
INV00013,SUP001,COMP001,57069623.87,2025-06-03,0.0,,0.0,INR,IMPS,PAID,2025-07-08,HISTORICAL
INV00014,SUP005,COMP001,31069272.15,2025-03-05,2.5,2025-03-20,0.0,INR,NEFT,PAID,2025-04-17,HISTORICAL
INV00015,SUP014,COMP001,40847477.19,2025-06-21,2.5,2025-07-06,0.0,INR,CHEQUE,PAID,2025-08-25,HISTORICAL
INV00016,SUP004,COMP001,11592591.68,2025-10-08,2.0,2025-10-18,0.0,INR,IMPS,PAID,2025-11-14,HISTORICAL
INV00017,SUP009,COMP001,12926812.96,2025-04-27,1.0,2025-05-12,0.0,INR,RTGS,PAID,2025-06-09,HISTORICAL
INV00018,SUP003,COMP001,8355520.7,2025-10-18,0.0,,2.0,INR,NEFT,PAID,2025-11-04,HISTORICAL
INV00019,SUP015,COMP001,38867845.39,2025-04-03,0.0,,1.0,INR,RTGS,PAID,2025-05-15,HISTORICAL
INV00020,SUP003,COMP001,56162064.41,2025-01-02,0.0,,2.0,INR,CHEQUE,OVERDUE,,HISTORICAL
INV00021,SUP008,COMP001,12441264.31,2025-02-07,0.0,,1.0,INR,CHEQUE,PAID,2025-03-24,HISTORICAL
INV00022,SUP006,COMP001,12113087.75,2025-09-15,2.0,2025-09-30,2.0,INR,CHEQUE,PAID,2025-10-30,HISTORICAL
INV00023,SUP007,COMP001,14495537.69,2025-11-10,2.5,2025-11-20,0.0,INR,RTGS,PAID,2025-12-09,HISTORICAL
INV00024,SUP003,COMP001,17622135.85,2025-12-18,2.0,2025-12-25,2.0,INR,NEFT,PENDING,,HISTORICAL
INV00025,SUP009,COMP001,42164561.89,2025-04-27,1.0,2025-05-12,1.5,INR,NEFT,PAID,2025-06-09,HISTORICAL
INV00026,SUP013,COMP001,22048776.9,2025-10-17,0.0,,0.0,INR,NEFT,OVERDUE,,HISTORICAL
INV00027,SUP007,COMP001,20965891.37,2025-02-01,0.0,,1.0,INR,RTGS,PAID,2025-03-01,HISTORICAL
INV00028,SUP001,COMP001,33227923.52,2025-10-23,0.0,,1.0,INR,NEFT,PAID,2025-11-19,HISTORICAL
INV00029,SUP003,COMP001,33258803.06,2025-06-06,0.0,,1.5,INR,NEFT,OVERDUE,,HISTORICAL
INV00030,SUP001,COMP001,16201189.95,2025-07-01,1.5,2025-07-11,0.0,INR,CHEQUE,PAID,2025-07-29,HISTORICAL
INV00031,SUP015,COMP001,16962562.82,2025-07-12,0.0,,0.0,INR,NEFT,PAID,2025-08-25,HISTORICAL
INV00032,SUP004,COMP001,38381645.65,2025-06-25,2.5,2025-07-05,0.0,INR,NEFT,PAID,2025-07-22,HISTORICAL
INV00033,SUP002,COMP001,51109113.32,2025-12-21,2.0,2025-12-31,1.0,INR,CHEQUE,PENDING,,HISTORICAL
INV00034,SUP015,COMP001,46757435.6,2025-07-12,2.0,2025-07-27,1.0,INR,IMPS,PAID,2025-08-30,HISTORICAL
INV00035,SUP005,COMP001,16878072.34,2025-09-29,0.0,,0.0,INR,IMPS,PAID,2025-11-13,HISTORICAL
INV00036,SUP005,COMP001,38416832.5,2025-06-07,0.0,,0.0,INR,CHEQUE,PAID,2025-08-08,HISTORICAL
INV00037,SUP001,COMP001,45391163.71,2025-11-05,0.0,,1.5,INR,NEFT,PAID,2025-12-10,HISTORICAL
INV00038,SUP008,COMP001,27271686.0,2025-08-15,2.5,2025-08-30,1.0,INR,RTGS,PAID,2025-09-29,HISTORICAL
INV00039,SUP015,COMP001,25707443.11,2025-05-27,0.0,,0.0,INR,IMPS,PAID,2025-07-08,HISTORICAL
INV00040,SUP006,COMP001,7851856.43,2025-11-01,0.0,,0.0,INR,NEFT,PAID,2025-12-13,HISTORICAL
INV00041,SUP004,COMP001,53341948.69,2025-08-05,2.0,2025-08-15,2.0,INR,NEFT,PAID,2025-09-02,HISTORICAL
INV00042,SUP004,COMP001,41062700.77,2025-04-15,0.0,,0.0,INR,CHEQUE,PAID,2025-05-30,HISTORICAL
INV00043,SUP005,COMP001,50760615.05,2025-04-04,2.5,2025-04-19,1.0,INR,RTGS,PAID,2025-05-23,HISTORICAL
INV00044,SUP005,COMP001,45850148.1,2025-04-05,1.0,2025-04-20,0.0,INR,NEFT,PAID,2025-05-18,HISTORICAL
INV00045,SUP005,COMP001,45917034.35,2025-03-23,2.0,2025-04-07,0.0,INR,NEFT,PAID,2025-05-10,HISTORICAL
INV00046,SUP005,COMP001,25295955.07,2025-08-31,0.0,,2.0,INR,CHEQUE,PAID,2025-10-13,HISTORICAL
INV00047,SUP014,COMP001,17380113.34,2025-08-18,0.0,,0.0,INR,CHEQUE,PAID,2025-10-01,HISTORICAL
INV00048,SUP006,COMP001,10338834.65,2025-09-19,1.5,2025-10-04,0.0,INR,IMPS,PAID,2025-11-03,HISTORICAL
INV00049,SUP004,COMP001,27796321.66,2025-10-12,0.0,,2.0,INR,NEFT,PAID,2025-11-08,HISTORICAL
INV00050,SUP010,COMP001,3600999.38,2025-02-12,0.0,,1.5,INR,CHEQUE,PAID,2025-04-13,HISTORICAL
INV00051,SUP004,COMP001,47270989.44,2025-02-15,0.0,,0.0,INR,NEFT,PAID,2025-03-15,HISTORICAL
INV00052,SUP012,COMP001,12874275.97,2025-06-08,1.5,2025-06-28,0.0,INR,NEFT,PAID,2025-08-05,HISTORICAL
INV00053,SUP001,COMP001,19972961.58,2025-04-22,0.0,,2.0,INR,NEFT,PAID,2025-05-20,HISTORICAL
INV00054,SUP008,COMP001,38143020.93,2025-10-05,0.0,,1.0,INR,RTGS,PAID,2025-11-17,HISTORICAL
INV00055,SUP012,COMP001,56763705.74,2025-10-11,0.0,,0.0,INR,CHEQUE,PAID,2025-12-16,HISTORICAL
INV00056,SUP010,COMP001,34770833.25,2025-06-27,2.0,2025-07-17,2.0,INR,IMPS,PAID,2025-08-24,HISTORICAL
INV00057,SUP003,COMP001,27858510.24,2025-03-07,0.0,,2.0,INR,IMPS,OVERDUE,,HISTORICAL
INV00058,SUP009,COMP001,50538408.21,2025-05-30,0.0,,2.0,INR,IMPS,PAID,2025-07-18,HISTORICAL
INV00059,SUP012,COMP001,19848338.16,2025-10-09,2.0,2025-10-29,1.0,INR,CHEQUE,PAID,2025-12-07,HISTORICAL
INV00060,SUP001,COMP001,38837615.08,2025-03-31,1.0,2025-04-10,1.5,INR,CHEQUE,OVERDUE,,HISTORICAL
INV00061,SUP009,COMP001,24239668.61,2025-07-14,2.0,2025-07-29,1.5,INR,IMPS,PAID,2025-08-27,HISTORICAL
INV00062,SUP013,COMP001,10672995.8,2025-06-30,0.0,,0.0,INR,NEFT,PAID,2025-08-27,HISTORICAL
INV00063,SUP010,COMP001,36835476.8,2025-05-02,1.5,2025-05-22,1.0,INR,IMPS,PAID,2025-06-30,HISTORICAL
INV00064,SUP003,COMP001,53546999.83,2025-12-08,2.5,2025-12-15,0.0,INR,IMPS,OVERDUE,,HISTORICAL
INV00065,SUP011,COMP001,34242370.49,2025-01-14,1.5,2025-02-03,1.0,INR,RTGS,PAID,2025-03-14,HISTORICAL
INV00066,SUP005,COMP001,27750119.94,2025-06-05,1.0,2025-06-20,0.0,INR,IMPS,PAID,2025-07-17,HISTORICAL
INV00067,SUP004,COMP001,40120095.59,2025-09-02,1.0,2025-09-12,1.0,INR,RTGS,PAID,2025-10-03,HISTORICAL
INV00068,SUP003,COMP001,49239259.07,2025-08-21,0.0,,1.0,INR,RTGS,OVERDUE,,HISTORICAL
INV00069,SUP015,COMP001,47219422.93,2025-07-01,1.5,2025-07-16,0.0,INR,NEFT,PAID,2025-08-14,HISTORICAL
INV00070,SUP012,COMP001,28709129.31,2025-01-08,2.0,2025-01-28,2.0,INR,CHEQUE,PAID,2025-03-09,HISTORICAL
INV00071,SUP004,COMP001,37606917.5,2025-01-23,0.0,,1.5,INR,RTGS,OVERDUE,,HISTORICAL
INV00072,SUP014,COMP001,29085572.26,2025-10-09,2.5,2025-10-24,2.0,INR,NEFT,PAID,2025-11-25,HISTORICAL
INV00073,SUP005,COMP001,38636448.2,2025-01-29,2.0,2025-02-13,0.0,INR,CHEQUE,PAID,2025-03-31,HISTORICAL
INV00074,SUP013,COMP001,19201374.04,2025-03-11,0.0,,0.0,INR,NEFT,PAID,2025-05-29,HISTORICAL
INV00075,SUP014,COMP001,33567438.77,2025-07-10,0.0,,1.5,INR,IMPS,PAID,2025-08-22,HISTORICAL
INV00076,SUP008,COMP001,25182057.86,2025-02-10,1.0,2025-02-25,1.0,INR,IMPS,PAID,2025-03-26,HISTORICAL
INV00077,SUP013,COMP001,43034507.6,2025-01-16,0.0,,0.0,INR,NEFT,PAID,2025-03-16,HISTORICAL
INV00078,SUP005,COMP001,21346416.85,2025-05-11,0.0,,1.5,INR,RTGS,OVERDUE,,HISTORICAL
INV00079,SUP006,COMP001,3344718.31,2025-03-26,1.5,2025-04-10,1.5,INR,CHEQUE,PAID,2025-05-07,HISTORICAL
INV00080,SUP011,COMP001,44696490.19,2025-06-13,0.0,,1.0,INR,RTGS,PAID,2025-08-14,HISTORICAL
INV00081,SUP009,COMP001,34620205.16,2025-07-24,1.5,2025-08-08,0.0,INR,CHEQUE,PAID,2025-09-07,HISTORICAL
INV00082,SUP013,COMP001,25615769.83,2025-12-19,0.0,,1.5,INR,IMPS,PENDING,,HISTORICAL
INV00083,SUP004,COMP001,8101130.34,2025-02-02,2.0,2025-02-12,0.0,INR,CHEQUE,PAID,2025-03-03,HISTORICAL
INV00084,SUP012,COMP001,57681582.35,2025-07-28,0.0,,1.0,INR,NEFT,PAID,2025-09-26,HISTORICAL
INV00085,SUP002,COMP001,29831214.31,2025-11-19,0.0,,1.0,INR,CHEQUE,PAID,2025-12-19,HISTORICAL
INV00086,SUP003,COMP001,34701476.05,2025-12-01,2.0,2025-12-08,1.5,INR,CHEQUE,PAID,2025-12-15,HISTORICAL
INV00087,SUP010,COMP001,30429227.65,2025-03-15,0.0,,0.0,INR,CHEQUE,OVERDUE,,HISTORICAL
INV00088,SUP008,COMP001,28914358.47,2025-04-04,1.5,2025-04-19,1.5,INR,IMPS,PAID,2025-05-16,HISTORICAL
INV00089,SUP013,COMP001,30582012.26,2025-02-20,2.0,2025-03-12,1.5,INR,RTGS,PAID,2025-04-18,HISTORICAL
INV00090,SUP001,COMP001,27850283.64,2025-07-15,0.0,,0.0,INR,RTGS,PAID,2025-08-14,HISTORICAL
INV00091,SUP015,COMP001,27489949.4,2025-10-08,1.5,2025-10-23,0.0,INR,NEFT,PAID,2025-11-21,HISTORICAL
INV00092,SUP003,COMP001,46969708.86,2025-04-23,0.0,,0.0,INR,IMPS,PAID,2025-05-09,HISTORICAL
INV00093,SUP001,COMP001,5221748.37,2025-04-13,0.0,,2.0,INR,RTGS,PAID,2025-05-13,HISTORICAL
INV00094,SUP003,COMP001,18067647.23,2025-08-25,0.0,,1.0,INR,IMPS,OVERDUE,,HISTORICAL
INV00095,SUP006,COMP001,19659479.89,2025-05-05,2.0,2025-05-20,1.5,INR,NEFT,PAID,2025-06-19,HISTORICAL
INV00096,SUP014,COMP001,48510195.02,2025-04-20,1.0,2025-05-05,1.0,INR,IMPS,PAID,2025-06-01,HISTORICAL
INV00097,SUP006,COMP001,20191185.99,2025-12-01,2.0,2025-12-16,1.5,INR,CHEQUE,PENDING,,HISTORICAL
INV00098,SUP001,COMP001,33548733.08,2025-05-11,0.0,,1.0,INR,NEFT,OVERDUE,,HISTORICAL
INV00099,SUP001,COMP001,43568851.38,2025-08-06,0.0,,0.0,INR,RTGS,PAID,2025-09-03,HISTORICAL
INV00100,SUP010,COMP001,41424310.62,2025-06-23,0.0,,1.0,INR,CHEQUE,PAID,2025-08-21,HISTORICAL
INV00101,SUP011,COMP001,50605172.45,2025-06-08,1.5,2025-06-28,0.0,INR,NEFT,PAID,2025-08-10,HISTORICAL
INV00102,SUP013,COMP001,41808613.12,2025-02-11,0.0,,1.0,INR,CHEQUE,OVERDUE,,HISTORICAL
INV00103,SUP004,COMP001,6061544.6,2025-05-06,0.0,,2.0,INR,IMPS,PAID,2025-06-12,HISTORICAL
INV00104,SUP003,COMP001,3412503.98,2025-11-30,0.0,,1.0,INR,RTGS,PAID,2025-12-12,HISTORICAL
INV00105,SUP012,COMP001,12659738.83,2025-04-02,2.0,2025-04-22,2.0,INR,NEFT,PAID,2025-06-06,HISTORICAL
INV00106,SUP001,COMP001,59262688.72,2025-06-06,1.0,2025-06-16,0.0,INR,NEFT,PAID,2025-07-04,HISTORICAL
INV00107,SUP010,COMP001,17093060.62,2025-05-13,0.0,,0.0,INR,RTGS,PAID,2025-07-12,HISTORICAL
INV00108,SUP014,COMP001,7783190.74,2025-11-03,1.5,2025-11-18,0.0,INR,NEFT,PAID,2025-12-17,HISTORICAL
INV00109,SUP006,COMP001,24914661.1,2025-09-08,0.0,,2.0,INR,RTGS,PAID,2025-10-20,HISTORICAL
INV00110,SUP014,COMP001,28857805.37,2025-09-18,1.0,2025-10-03,0.0,INR,CHEQUE,OVERDUE,,HISTORICAL
INV00111,SUP015,COMP001,32559113.79,2025-05-25,2.0,2025-06-09,0.0,INR,IMPS,OVERDUE,,HISTORICAL
INV00112,SUP013,COMP001,8725523.77,2025-04-16,2.0,2025-05-06,0.0,INR,RTGS,PAID,2025-06-14,HISTORICAL
INV00113,SUP005,COMP001,3841663.74,2025-08-12,0.0,,0.0,INR,NEFT,PAID,2025-09-26,HISTORICAL
INV00114,SUP002,COMP001,7501360.09,2025-02-05,2.0,2025-02-15,1.0,INR,IMPS,PAID,2025-03-10,HISTORICAL
INV00115,SUP008,COMP001,37173031.88,2025-07-17,1.0,2025-08-01,0.0,INR,CHEQUE,PAID,2025-08-28,HISTORICAL
INV00116,SUP006,COMP001,23204982.86,2025-02-09,2.0,2025-02-24,1.0,INR,IMPS,PAID,2025-03-25,HISTORICAL
INV00117,SUP011,COMP001,5538653.83,2025-04-13,1.5,2025-05-03,1.0,INR,RTGS,PAID,2025-06-12,HISTORICAL
INV00118,SUP005,COMP001,26730437.15,2025-10-11,0.0,,0.0,INR,NEFT,PAID,2025-11-25,HISTORICAL
INV00119,SUP013,COMP001,14499968.93,2025-04-04,0.0,,1.5,INR,NEFT,PAID,2025-06-01,HISTORICAL
INV00120,SUP002,COMP001,14905740.33,2025-05-04,1.5,2025-05-14,2.0,INR,NEFT,PAID,2025-06-11,HISTORICAL
INV00121,SUP011,COMP001,28864137.12,2025-11-08,0.0,,2.0,INR,IMPS,PENDING,,HISTORICAL
INV00122,SUP003,COMP001,46919627.67,2025-10-14,1.0,2025-10-21,2.0,INR,IMPS,OVERDUE,,HISTORICAL
INV00123,SUP013,COMP001,45789837.08,2025-09-02,2.5,2025-09-22,2.0,INR,NEFT,OVERDUE,,HISTORICAL
INV00124,SUP002,COMP001,6966562.25,2025-11-25,1.5,2025-12-05,0.0,INR,RTGS,PAID,2025-12-22,HISTORICAL
INV00125,SUP013,COMP001,19591891.48,2025-12-04,0.0,,1.0,INR,CHEQUE,PENDING,,HISTORICAL
INV00126,SUP006,COMP001,5978315.31,2025-11-03,1.5,2025-11-18,0.0,INR,IMPS,PAID,2025-12-17,HISTORICAL
INV00127,SUP011,COMP001,22892784.05,2025-09-04,2.5,2025-09-24,1.5,INR,RTGS,PAID,2025-11-02,HISTORICAL
INV00128,SUP004,COMP001,18857125.8,2025-12-09,0.0,,2.0,INR,NEFT,PENDING,,HISTORICAL
INV00129,SUP008,COMP001,10134259.14,2025-10-21,0.0,,1.0,INR,CHEQUE,OVERDUE,,HISTORICAL
INV00130,SUP015,COMP001,15257690.11,2025-03-30,1.5,2025-04-14,1.0,INR,NEFT,PAID,2025-05-12,HISTORICAL
INV00131,SUP001,COMP001,3812834.0,2025-07-06,1.0,2025-07-16,0.0,INR,IMPS,PAID,2025-08-04,HISTORICAL
INV00132,SUP007,COMP001,51219082.72,2025-09-20,1.5,2025-09-30,0.0,INR,IMPS,PAID,2025-10-20,HISTORICAL
INV00133,SUP013,COMP001,8868624.11,2025-09-20,0.0,,2.0,INR,CHEQUE,PAID,2025-11-16,HISTORICAL
INV00134,SUP013,COMP001,53005991.6,2025-10-27,2.0,2025-11-16,1.5,INR,NEFT,PAID,2025-12-23,HISTORICAL
INV00135,SUP010,COMP001,37004053.16,2025-10-28,0.0,,1.0,INR,IMPS,PAID,2025-12-27,HISTORICAL
INV00136,SUP011,COMP001,48041129.26,2025-03-03,2.0,2025-03-23,0.0,INR,IMPS,OVERDUE,,HISTORICAL
INV00137,SUP004,COMP001,35274439.15,2025-04-28,2.5,2025-05-08,0.0,INR,IMPS,PAID,2025-05-25,HISTORICAL
INV00138,SUP014,COMP001,55115633.89,2025-05-11,2.0,2025-05-26,0.0,INR,RTGS,PAID,2025-06-25,HISTORICAL
INV00139,SUP002,COMP001,13495785.96,2025-07-15,1.0,2025-07-25,2.0,INR,RTGS,PAID,2025-08-11,HISTORICAL
INV00140,SUP015,COMP001,49151681.9,2025-06-02,0.0,,0.0,INR,IMPS,PAID,2025-07-22,HISTORICAL
INV00141,SUP004,COMP001,55932202.74,2025-09-16,0.0,,1.5,INR,RTGS,PAID,2025-10-13,HISTORICAL
INV00142,SUP004,COMP001,48233225.56,2025-10-14,0.0,,2.0,INR,CHEQUE,OVERDUE,,HISTORICAL
INV00143,SUP010,COMP001,44742748.6,2025-06-16,1.0,2025-07-06,0.0,INR,RTGS,PAID,2025-08-12,HISTORICAL
INV00144,SUP008,COMP001,53285675.08,2025-05-10,2.0,2025-05-25,1.5,INR,IMPS,PAID,2025-06-24,HISTORICAL
INV00145,SUP004,COMP001,32630588.22,2025-09-09,1.5,2025-09-19,0.0,INR,CHEQUE,PAID,2025-10-16,HISTORICAL
INV00146,SUP009,COMP001,41445522.24,2025-01-30,0.0,,1.5,INR,CHEQUE,PAID,2025-03-15,HISTORICAL
INV00147,SUP004,COMP001,17145619.92,2025-02-08,2.0,2025-02-18,1.5,INR,RTGS,PAID,2025-03-09,HISTORICAL
INV00148,SUP006,COMP001,40060907.41,2025-07-16,2.0,2025-07-31,1.0,INR,NEFT,PAID,2025-08-27,HISTORICAL
INV00149,SUP001,COMP001,26530572.71,2025-04-12,1.0,2025-04-22,0.0,INR,NEFT,OVERDUE,,HISTORICAL
INV00150,SUP009,COMP001,14111910.56,2025-06-14,0.0,,0.0,INR,RTGS,PAID,2025-07-26,HISTORICAL
INV00151,SUP006,COMP001,47910878.63,2025-11-16,2.5,2025-12-01,0.0,INR,NEFT,PAID,2025-12-31,HISTORICAL
INV00152,SUP009,COMP001,31552396.9,2025-06-12,0.0,,1.5,INR,NEFT,OVERDUE,,HISTORICAL
INV00153,SUP012,COMP001,29939231.53,2025-01-24,0.0,,1.0,INR,CHEQUE,PAID,2025-03-24,HISTORICAL
INV00154,SUP011,COMP001,35588666.42,2025-05-18,1.5,2025-06-07,2.0,INR,CHEQUE,PAID,2025-07-17,HISTORICAL
INV00155,SUP008,COMP001,11754884.54,2025-09-29,0.0,,1.5,INR,IMPS,PAID,2025-11-13,HISTORICAL
INV00156,SUP008,COMP001,54270624.05,2025-11-04,1.5,2025-11-19,0.0,INR,NEFT,PAID,2025-12-24,HISTORICAL
INV00157,SUP007,COMP001,49445617.01,2025-04-28,0.0,,0.0,INR,RTGS,PAID,2025-05-26,HISTORICAL
INV00158,SUP006,COMP001,49071133.15,2025-08-29,1.0,2025-09-13,1.5,INR,IMPS,PAID,2025-10-10,HISTORICAL
INV00159,SUP015,COMP001,55987607.6,2025-11-23,2.5,2025-12-08,0.0,INR,IMPS,PENDING,,HISTORICAL
INV00160,SUP013,COMP001,21158221.35,2025-03-07,0.0,,0.0,INR,CHEQUE,PAID,2025-05-04,HISTORICAL
INV00161,SUP009,COMP001,47606210.75,2025-08-11,2.5,2025-08-26,1.5,INR,IMPS,OVERDUE,,HISTORICAL
INV00162,SUP013,COMP001,22664229.38,2025-02-04,2.0,2025-02-24,0.0,INR,RTGS,PAID,2025-05-01,HISTORICAL
INV00163,SUP001,COMP001,23073412.31,2025-10-07,0.0,,1.0,INR,IMPS,OVERDUE,,HISTORICAL
INV00164,SUP003,COMP001,16952316.97,2025-02-09,0.0,,1.0,INR,NEFT,PAID,2025-02-21,HISTORICAL
INV00165,SUP009,COMP001,20169572.05,2025-02-24,0.0,,1.5,INR,RTGS,PAID,2025-04-09,HISTORICAL
INV00166,SUP014,COMP001,42155109.89,2025-07-04,0.0,,2.0,INR,IMPS,OVERDUE,,HISTORICAL
INV00167,SUP007,COMP001,15149695.73,2025-02-06,2.5,2025-02-16,2.0,INR,CHEQUE,PAID,2025-03-14,HISTORICAL
INV00168,SUP011,COMP001,36383609.38,2025-10-05,2.5,2025-10-25,1.5,INR,NEFT,PAID,2025-12-03,HISTORICAL
INV00169,SUP010,COMP001,6838697.27,2025-01-21,0.0,,1.0,INR,CHEQUE,PAID,2025-03-19,HISTORICAL
INV00170,SUP012,COMP001,13024326.86,2025-08-17,1.0,2025-09-06,2.0,INR,IMPS,PAID,2025-10-13,HISTORICAL
INV00171,SUP014,COMP001,3049418.23,2025-03-04,1.5,2025-03-19,0.0,INR,IMPS,PAID,2025-04-17,HISTORICAL
INV00172,SUP005,COMP001,44311823.48,2025-06-05,0.0,,2.0,INR,NEFT,PAID,2025-07-18,HISTORICAL
INV00173,SUP010,COMP001,13353019.27,2025-04-10,2.0,2025-04-30,1.5,INR,RTGS,PAID,2025-06-09,HISTORICAL
INV00174,SUP012,COMP001,21490334.58,2025-01-02,1.0,2025-01-22,1.5,INR,IMPS,PAID,2025-03-10,HISTORICAL
INV00175,SUP009,COMP001,47351805.86,2025-04-25,0.0,,2.0,INR,IMPS,OVERDUE,,HISTORICAL
INV00176,SUP004,COMP001,22184789.5,2025-02-24,0.0,,0.0,INR,NEFT,PAID,2025-03-26,HISTORICAL
INV00177,SUP015,COMP001,25700391.42,2025-12-06,0.0,,2.0,INR,NEFT,PENDING,,HISTORICAL
INV00178,SUP012,COMP001,22904550.26,2025-05-08,1.5,2025-05-28,1.5,INR,RTGS,PAID,2025-07-06,HISTORICAL
INV00179,SUP008,COMP001,24828369.78,2025-06-07,2.5,2025-06-22,1.0,INR,IMPS,PAID,2025-07-21,HISTORICAL
INV00180,SUP012,COMP001,42812191.69,2025-09-07,1.5,2025-09-27,0.0,INR,IMPS,PAID,2025-11-03,HISTORICAL
INV00181,SUP014,COMP001,57471684.56,2025-12-06,1.0,2025-12-21,2.0,INR,IMPS,PENDING,,HISTORICAL
INV00182,SUP005,COMP001,14577587.04,2025-07-03,0.0,,1.0,INR,NEFT,PAID,2025-08-15,HISTORICAL
INV00183,SUP007,COMP001,36329327.2,2025-12-11,2.5,2025-12-21,1.5,INR,NEFT,PENDING,,HISTORICAL
INV00184,SUP007,COMP001,59212941.81,2025-02-19,1.5,2025-03-01,1.5,INR,RTGS,PAID,2025-03-18,HISTORICAL
INV00185,SUP010,COMP001,42022669.81,2025-10-06,1.5,2025-10-26,0.0,INR,NEFT,PAID,2025-12-03,HISTORICAL
INV00186,SUP008,COMP001,16200364.13,2025-09-25,0.0,,0.0,INR,IMPS,PAID,2025-11-20,HISTORICAL
INV00187,SUP010,COMP001,9834321.03,2025-07-21,0.0,,1.5,INR,RTGS,OVERDUE,,HISTORICAL
INV00188,SUP004,COMP001,13955924.63,2025-10-11,2.0,2025-10-21,0.0,INR,RTGS,PAID,2025-11-09,HISTORICAL
INV00189,SUP012,COMP001,11560634.11,2025-06-26,0.0,,0.0,INR,IMPS,PAID,2025-08-25,HISTORICAL
INV00190,SUP002,COMP001,33263380.34,2025-04-10,2.0,2025-04-20,1.0,INR,CHEQUE,OVERDUE,,HISTORICAL
INV00191,SUP015,COMP001,13790443.32,2025-11-17,0.0,,1.5,INR,IMPS,PENDING,,HISTORICAL
INV00192,SUP002,COMP001,25990384.77,2025-10-21,0.0,,1.0,INR,NEFT,PAID,2025-11-20,HISTORICAL
INV00193,SUP014,COMP001,10907101.14,2025-07-01,2.5,2025-07-16,1.5,INR,CHEQUE,PAID,2025-08-12,HISTORICAL
INV00194,SUP003,COMP001,29941666.32,2025-09-04,0.0,,1.5,INR,CHEQUE,PAID,2025-09-16,HISTORICAL
INV00195,SUP005,COMP001,51949960.86,2025-03-02,1.5,2025-03-17,0.0,INR,CHEQUE,OVERDUE,,HISTORICAL
INV00196,SUP005,COMP001,48519338.88,2025-03-28,1.0,2025-04-12,2.0,INR,CHEQUE,PAID,2025-05-10,HISTORICAL
INV00197,SUP001,COMP001,59001510.19,2025-01-01,1.5,2025-01-11,0.0,INR,NEFT,PAID,2025-01-29,HISTORICAL
INV00198,SUP010,COMP001,40515769.14,2025-06-17,0.0,,2.0,INR,RTGS,PAID,2025-08-16,HISTORICAL
INV00199,SUP007,COMP001,15137166.71,2025-08-20,0.0,,0.0,INR,CHEQUE,PAID,2025-09-17,HISTORICAL
INV00200,SUP001,COMP001,5772139.02,2025-02-08,0.0,,0.0,INR,CHEQUE,PAID,2025-03-08,HISTORICAL
INV00201,SUP004,COMP001,54272235.08,2025-12-21,2.0,2025-12-31,1.0,INR,IMPS,PENDING,,HISTORICAL
INV00202,SUP002,COMP001,17565061.22,2025-09-22,0.0,,0.0,INR,IMPS,OVERDUE,,HISTORICAL
INV00203,SUP003,COMP001,39267007.7,2025-07-03,2.0,2025-07-10,0.0,INR,CHEQUE,PAID,2025-07-17,HISTORICAL
INV00204,SUP008,COMP001,9366595.43,2025-02-19,1.0,2025-03-06,1.0,INR,RTGS,PAID,2025-04-20,HISTORICAL
INV00205,SUP007,COMP001,59118384.12,2025-04-08,0.0,,1.0,INR,NEFT,PAID,2025-05-07,HISTORICAL
INV00206,SUP010,COMP001,47544705.26,2025-07-19,0.0,,2.0,INR,NEFT,PAID,2025-10-07,HISTORICAL
INV00207,SUP006,COMP001,37039778.02,2025-11-22,0.0,,0.0,INR,RTGS,PENDING,,HISTORICAL
INV00208,SUP005,COMP001,46623089.99,2025-03-30,0.0,,0.0,INR,RTGS,PAID,2025-05-27,HISTORICAL
INV00209,SUP012,COMP001,56994102.49,2025-05-21,2.0,2025-06-10,2.0,INR,RTGS,OVERDUE,,HISTORICAL
INV00210,SUP008,COMP001,56710986.15,2025-09-16,0.0,,2.0,INR,RTGS,PAID,2025-10-29,HISTORICAL
INV00211,SUP001,COMP001,34837993.69,2025-07-21,0.0,,2.0,INR,CHEQUE,PAID,2025-08-19,HISTORICAL
INV00212,SUP002,COMP001,19707219.96,2025-03-10,1.5,2025-03-20,1.5,INR,NEFT,PAID,2025-04-06,HISTORICAL
INV00213,SUP014,COMP001,9214229.01,2025-01-03,0.0,,0.0,INR,CHEQUE,PAID,2025-02-14,HISTORICAL
INV00214,SUP015,COMP001,54662962.52,2025-09-17,1.0,2025-10-02,0.0,INR,IMPS,PAID,2025-11-01,HISTORICAL
INV00215,SUP002,COMP001,13399327.05,2025-12-01,1.5,2025-12-11,1.0,INR,NEFT,PAID,2025-12-30,HISTORICAL
INV00216,SUP005,COMP001,13818086.85,2025-07-28,0.0,,0.0,INR,RTGS,PAID,2025-09-10,HISTORICAL
INV00217,SUP008,COMP001,16894007.97,2025-06-27,1.0,2025-07-12,1.0,INR,CHEQUE,PAID,2025-08-19,HISTORICAL
INV00218,SUP012,COMP001,54827715.33,2025-03-19,2.5,2025-04-08,0.0,INR,NEFT,PAID,2025-06-03,HISTORICAL
INV00219,SUP011,COMP001,8522364.74,2025-05-11,0.0,,1.0,INR,NEFT,PAID,2025-07-09,HISTORICAL
INV00220,SUP007,COMP001,45235935.9,2025-05-07,0.0,,1.5,INR,RTGS,PAID,2025-06-05,HISTORICAL
INV00221,SUP002,COMP001,43697613.1,2025-04-28,1.5,2025-05-08,1.5,INR,NEFT,PAID,2025-06-01,HISTORICAL
INV00222,SUP010,COMP001,23310648.38,2025-07-10,0.0,,0.0,INR,RTGS,PAID,2025-09-08,HISTORICAL
INV00223,SUP012,COMP001,28474262.63,2025-08-17,0.0,,1.5,INR,RTGS,PAID,2025-10-13,HISTORICAL
INV00224,SUP002,COMP001,50997373.5,2025-05-21,0.0,,0.0,INR,NEFT,PAID,2025-06-19,HISTORICAL
INV00225,SUP006,COMP001,37882349.86,2025-06-13,2.5,2025-06-28,1.0,INR,NEFT,PAID,2025-07-27,HISTORICAL
INV00226,SUP009,COMP001,16672552.88,2025-05-05,0.0,,1.0,INR,CHEQUE,PAID,2025-06-16,HISTORICAL
INV00227,SUP003,COMP001,40252700.65,2025-08-05,1.0,2025-08-12,2.0,INR,RTGS,PAID,2025-08-18,HISTORICAL
INV00228,SUP013,COMP001,6046468.77,2025-02-07,0.0,,0.0,INR,CHEQUE,PAID,2025-05-06,HISTORICAL
INV00229,SUP012,COMP001,49401958.53,2025-10-22,1.5,2025-11-11,1.0,INR,NEFT,PAID,2025-12-18,HISTORICAL
INV00230,SUP014,COMP001,4433867.0,2025-07-18,2.5,2025-08-02,1.0,INR,NEFT,PAID,2025-09-16,HISTORICAL
INV00231,SUP004,COMP001,26981555.06,2025-05-16,0.0,,0.0,INR,IMPS,OVERDUE,,HISTORICAL
INV00232,SUP010,COMP001,25309766.19,2025-07-24,2.5,2025-08-13,0.0,INR,CHEQUE,PAID,2025-09-22,HISTORICAL
INV00233,SUP006,COMP001,42169554.55,2025-08-11,1.0,2025-08-26,0.0,INR,IMPS,PAID,2025-09-24,HISTORICAL
INV00234,SUP012,COMP001,11463836.4,2025-01-19,2.0,2025-02-08,2.0,INR,IMPS,PAID,2025-04-16,HISTORICAL
INV00235,SUP004,COMP001,9293077.16,2025-07-26,0.0,,0.0,INR,IMPS,PAID,2025-08-25,HISTORICAL
INV00236,SUP014,COMP001,53973092.95,2025-05-15,2.5,2025-05-30,1.0,INR,IMPS,PAID,2025-06-26,HISTORICAL
INV00237,SUP010,COMP001,50964609.72,2025-11-09,0.0,,0.0,INR,CHEQUE,PENDING,,HISTORICAL
INV00238,SUP014,COMP001,42840483.27,2025-03-09,2.0,2025-03-24,0.0,INR,IMPS,PAID,2025-04-23,HISTORICAL
INV00239,SUP004,COMP001,30414319.76,2025-01-28,1.5,2025-02-07,0.0,INR,IMPS,PAID,2025-02-27,HISTORICAL
INV00240,SUP001,COMP001,53224606.9,2025-02-19,0.0,,2.0,INR,RTGS,OVERDUE,,HISTORICAL
INV00241,SUP014,COMP001,19861367.29,2025-04-22,0.0,,2.0,INR,NEFT,PAID,2025-06-06,HISTORICAL
INV00242,SUP004,COMP001,47549832.46,2025-09-14,2.5,2025-09-24,2.0,INR,RTGS,PAID,2025-10-14,HISTORICAL
INV00243,SUP011,COMP001,8298993.25,2025-05-06,0.0,,2.0,INR,NEFT,PAID,2025-07-02,HISTORICAL
INV00244,SUP001,COMP001,7786933.68,2025-09-03,0.0,,0.0,INR,CHEQUE,PAID,2025-09-30,HISTORICAL
INV00245,SUP004,COMP001,15589091.11,2025-12-12,0.0,,0.0,INR,RTGS,PENDING,,HISTORICAL
INV00246,SUP001,COMP001,32664679.04,2025-06-01,0.0,,1.5,INR,CHEQUE,PAID,2025-07-01,HISTORICAL
INV00247,SUP011,COMP001,9870581.94,2025-11-25,2.5,2025-12-15,1.0,INR,RTGS,PENDING,,HISTORICAL
INV00248,SUP013,COMP001,22681849.41,2025-04-11,1.0,2025-05-01,0.0,INR,NEFT,PAID,2025-06-08,HISTORICAL
INV00249,SUP002,COMP001,50046670.84,2025-06-21,0.0,,2.0,INR,IMPS,PAID,2025-07-27,HISTORICAL
INV00250,SUP013,COMP001,40334192.99,2025-06-03,1.5,2025-06-23,0.0,INR,RTGS,PAID,2025-08-01,HISTORICAL
INV00251,SUP010,COMP001,41511217.38,2025-12-13,0.0,,2.0,INR,NEFT,PENDING,,HISTORICAL
INV00252,SUP007,COMP001,19445433.02,2025-09-01,2.5,2025-09-11,1.0,INR,IMPS,PAID,2025-09-29,HISTORICAL
INV00253,SUP007,COMP001,34156559.37,2025-08-13,2.0,2025-08-23,1.0,INR,RTGS,OVERDUE,,HISTORICAL
INV00254,SUP004,COMP001,48749989.24,2025-05-10,2.0,2025-05-20,1.5,INR,NEFT,PAID,2025-06-06,HISTORICAL
INV00255,SUP014,COMP001,3492159.19,2025-08-14,0.0,,1.5,INR,RTGS,PAID,2025-09-27,HISTORICAL
INV00256,SUP011,COMP001,32083224.03,2025-09-06,0.0,,1.0,INR,CHEQUE,OVERDUE,,HISTORICAL
INV00257,SUP015,COMP001,52301825.59,2025-05-12,2.0,2025-05-27,1.0,INR,RTGS,PAID,2025-06-25,HISTORICAL
INV00258,SUP014,COMP001,24636891.68,2025-10-02,1.0,2025-10-17,2.0,INR,RTGS,PAID,2025-11-16,HISTORICAL
INV00259,SUP013,COMP001,34761151.86,2025-03-30,0.0,,0.0,INR,NEFT,PAID,2025-05-26,HISTORICAL
INV00260,SUP011,COMP001,43407158.61,2025-10-10,1.5,2025-10-30,2.0,INR,CHEQUE,PAID,2025-12-08,HISTORICAL
INV00261,SUP005,COMP001,36790467.8,2025-02-05,2.5,2025-02-20,0.0,INR,IMPS,OVERDUE,,HISTORICAL
INV00262,SUP015,COMP001,16565231.22,2025-06-28,2.0,2025-07-13,0.0,INR,RTGS,PAID,2025-08-10,HISTORICAL
INV00263,SUP006,COMP001,57567663.92,2025-08-15,1.5,2025-08-30,0.0,INR,NEFT,PAID,2025-09-26,HISTORICAL
INV00264,SUP006,COMP001,10608770.95,2025-05-27,1.0,2025-06-11,1.0,INR,RTGS,PAID,2025-07-09,HISTORICAL
INV00265,SUP004,COMP001,19807644.24,2025-01-10,1.5,2025-01-20,1.5,INR,IMPS,PAID,2025-02-09,HISTORICAL
INV00266,SUP008,COMP001,34697110.81,2025-04-04,0.0,,1.5,INR,CHEQUE,PAID,2025-05-25,HISTORICAL
INV00267,SUP011,COMP001,31188745.12,2025-02-14,0.0,,1.5,INR,IMPS,PAID,2025-04-13,HISTORICAL
INV00268,SUP012,COMP001,33327953.58,2025-09-23,2.5,2025-10-13,2.0,INR,CHEQUE,PAID,2025-11-19,HISTORICAL
INV00269,SUP004,COMP001,11321119.71,2025-02-22,2.5,2025-03-04,2.0,INR,NEFT,PAID,2025-03-23,HISTORICAL
INV00270,SUP006,COMP001,51891805.96,2025-06-02,1.0,2025-06-17,0.0,INR,IMPS,PAID,2025-07-14,HISTORICAL
INV00271,SUP008,COMP001,5020058.62,2025-06-13,0.0,,0.0,INR,NEFT,PAID,2025-07-28,HISTORICAL
INV00272,SUP015,COMP001,41326881.29,2025-11-18,0.0,,1.5,INR,NEFT,PENDING,,HISTORICAL
INV00273,SUP008,COMP001,42218532.81,2025-07-28,1.5,2025-08-12,1.0,INR,NEFT,PAID,2025-09-08,HISTORICAL
INV00274,SUP002,COMP001,11949768.6,2025-03-14,1.5,2025-03-24,2.0,INR,RTGS,PAID,2025-04-11,HISTORICAL
INV00275,SUP012,COMP001,21627336.08,2025-11-14,1.0,2025-12-04,2.0,INR,IMPS,PENDING,,HISTORICAL
INV00276,SUP003,COMP001,31358712.88,2025-12-01,0.0,,2.0,INR,RTGS,OVERDUE,,HISTORICAL
INV00277,SUP005,COMP001,27717060.92,2025-10-18,0.0,,1.5,INR,NEFT,PAID,2025-12-10,HISTORICAL
INV00278,SUP008,COMP001,44640959.01,2025-05-31,1.5,2025-06-15,1.0,INR,RTGS,PAID,2025-07-12,HISTORICAL
INV00279,SUP001,COMP001,42435799.12,2025-09-10,2.5,2025-09-20,0.0,INR,RTGS,PAID,2025-10-10,HISTORICAL
INV00280,SUP014,COMP001,50181804.25,2025-01-12,1.0,2025-01-27,0.0,INR,CHEQUE,OVERDUE,,HISTORICAL
INV00281,SUP008,COMP001,58979710.36,2025-11-30,0.0,,0.0,INR,NEFT,PENDING,,HISTORICAL
INV00282,SUP010,COMP001,33767112.64,2025-11-11,0.0,,1.5,INR,IMPS,PENDING,,HISTORICAL
INV00283,SUP006,COMP001,34248309.57,2025-07-19,2.0,2025-08-03,2.0,INR,CHEQUE,PAID,2025-09-02,HISTORICAL
INV00284,SUP001,COMP001,54311340.47,2025-01-27,0.0,,1.5,INR,NEFT,PAID,2025-03-09,HISTORICAL
INV00285,SUP010,COMP001,37230373.05,2025-10-06,0.0,,0.0,INR,NEFT,OVERDUE,,HISTORICAL
INV00286,SUP004,COMP001,33305581.83,2025-08-03,1.5,2025-08-13,2.0,INR,IMPS,OVERDUE,,HISTORICAL
INV00287,SUP006,COMP001,9643910.39,2025-09-01,2.0,2025-09-16,0.0,INR,NEFT,PAID,2025-10-16,HISTORICAL
INV00288,SUP014,COMP001,7283263.57,2025-07-07,1.5,2025-07-22,2.0,INR,CHEQUE,PAID,2025-08-19,HISTORICAL
INV00289,SUP006,COMP001,41000565.79,2025-09-28,0.0,,1.5,INR,NEFT,OVERDUE,,HISTORICAL
INV00290,SUP005,COMP001,59346350.75,2025-04-06,2.0,2025-04-21,0.0,INR,RTGS,OVERDUE,,HISTORICAL
INV00291,SUP001,COMP001,6157066.36,2025-07-30,1.5,2025-08-09,0.0,INR,IMPS,PAID,2025-08-29,HISTORICAL
INV00292,SUP011,COMP001,40264157.71,2025-04-30,2.5,2025-05-20,0.0,INR,NEFT,PAID,2025-07-12,HISTORICAL
INV00293,SUP010,COMP001,13687929.93,2025-07-03,2.5,2025-07-23,0.0,INR,NEFT,PAID,2025-08-30,HISTORICAL
INV00294,SUP011,COMP001,52051069.66,2025-07-05,2.5,2025-07-25,1.0,INR,RTGS,PAID,2025-09-17,HISTORICAL
INV00295,SUP003,COMP001,38564840.99,2025-10-16,0.0,,1.5,INR,NEFT,PAID,2025-11-06,HISTORICAL
INV00296,SUP014,COMP001,14627666.35,2025-11-26,1.0,2025-12-11,0.0,INR,NEFT,PENDING,,HISTORICAL
INV00297,SUP005,COMP001,50187759.65,2025-04-25,0.0,,0.0,INR,NEFT,PAID,2025-06-18,HISTORICAL
INV00298,SUP002,COMP001,12758403.4,2025-08-12,0.0,,0.0,INR,NEFT,PAID,2025-09-11,HISTORICAL
INV00299,SUP002,COMP001,58570252.28,2025-02-03,2.5,2025-02-13,2.0,INR,NEFT,OVERDUE,,HISTORICAL
INV00300,SUP011,COMP001,37903576.26,2025-01-21,1.0,2025-02-10,0.0,INR,IMPS,PAID,2025-03-22,HISTORICAL
INV00301,SUP013,COMP001,54355670.93,2025-01-04,2.0,2025-01-24,2.0,INR,RTGS,PAID,2025-03-02,HISTORICAL
INV00302,SUP015,COMP001,54310506.14,2025-08-29,1.0,2025-09-13,0.0,INR,IMPS,PAID,2025-10-20,HISTORICAL
INV00303,SUP015,COMP001,54519518.8,2025-12-16,0.0,,0.0,INR,CHEQUE,PENDING,,HISTORICAL
INV00304,SUP013,COMP001,42108326.78,2025-12-07,2.0,2025-12-27,0.0,INR,IMPS,PENDING,,HISTORICAL
INV00305,SUP010,COMP001,35510072.76,2025-06-28,0.0,,1.0,INR,CHEQUE,PAID,2025-08-26,HISTORICAL
INV00306,SUP011,COMP001,34840968.68,2025-07-05,0.0,,1.0,INR,NEFT,PAID,2025-09-05,HISTORICAL
INV00307,SUP004,COMP001,42536900.61,2025-08-26,2.0,2025-09-05,1.5,INR,NEFT,OVERDUE,,HISTORICAL
INV00308,SUP002,COMP001,12104819.62,2025-11-06,2.0,2025-11-16,1.5,INR,NEFT,PAID,2025-12-04,HISTORICAL
INV00309,SUP003,COMP001,12972774.34,2025-01-11,2.0,2025-01-18,2.0,INR,CHEQUE,PAID,2025-01-28,HISTORICAL
INV00310,SUP013,COMP001,14417488.81,2025-08-20,0.0,,1.0,INR,NEFT,PAID,2025-10-18,HISTORICAL
INV00311,SUP014,COMP001,5947861.62,2025-12-04,0.0,,1.5,INR,IMPS,PENDING,,HISTORICAL
INV00312,SUP015,COMP001,53213449.1,2025-07-15,1.0,2025-07-30,0.0,INR,CHEQUE,PAID,2025-08-29,HISTORICAL
INV00313,SUP013,COMP001,28139005.25,2025-06-17,1.0,2025-07-07,1.5,INR,RTGS,PAID,2025-08-13,HISTORICAL
INV00314,SUP013,COMP001,15818112.68,2025-03-07,2.0,2025-03-27,1.0,INR,RTGS,OVERDUE,,HISTORICAL
INV00315,SUP007,COMP001,33675048.95,2025-08-30,0.0,,0.0,INR,RTGS,PAID,2025-09-29,HISTORICAL
INV00316,SUP015,COMP001,6613478.61,2025-11-22,2.0,2025-12-07,1.5,INR,CHEQUE,PENDING,,HISTORICAL
INV00317,SUP015,COMP001,9138125.19,2025-10-02,1.5,2025-10-17,1.0,INR,NEFT,PAID,2025-11-14,HISTORICAL
INV00318,SUP014,COMP001,8280986.34,2025-08-02,2.0,2025-08-17,1.0,INR,NEFT,PAID,2025-09-13,HISTORICAL
INV00319,SUP006,COMP001,19149019.32,2025-05-31,2.5,2025-06-15,1.5,INR,NEFT,PAID,2025-08-01,HISTORICAL
INV00320,SUP004,COMP001,53531723.09,2025-03-06,2.0,2025-03-16,2.0,INR,IMPS,PAID,2025-04-05,HISTORICAL
INV00321,SUP014,COMP001,44240335.43,2025-10-04,0.0,,0.0,INR,CHEQUE,PAID,2025-11-18,HISTORICAL
INV00322,SUP011,COMP001,20763071.87,2025-07-10,2.0,2025-07-30,1.5,INR,CHEQUE,OVERDUE,,HISTORICAL
INV00323,SUP001,COMP001,20705555.34,2025-07-27,0.0,,0.0,INR,NEFT,PAID,2025-09-01,HISTORICAL
INV00324,SUP006,COMP001,9772049.29,2025-03-19,2.5,2025-04-03,2.0,INR,IMPS,PAID,2025-05-02,HISTORICAL
INV00325,SUP013,COMP001,34548287.1,2025-05-16,0.0,,1.5,INR,RTGS,OVERDUE,,HISTORICAL
INV00326,SUP011,COMP001,32101382.1,2025-10-22,0.0,,2.0,INR,CHEQUE,PAID,2025-12-19,HISTORICAL
INV00327,SUP015,COMP001,3172555.0,2025-09-27,1.0,2025-10-12,0.0,INR,CHEQUE,PAID,2025-11-11,HISTORICAL
INV00328,SUP012,COMP001,6424534.92,2025-10-01,2.0,2025-10-21,1.5,INR,RTGS,PAID,2025-12-13,HISTORICAL
INV00329,SUP005,COMP001,32466236.25,2025-01-22,2.5,2025-02-06,0.0,INR,IMPS,PAID,2025-03-07,HISTORICAL
INV00330,SUP015,COMP001,23086404.14,2025-03-22,2.5,2025-04-06,1.0,INR,CHEQUE,PAID,2025-05-04,HISTORICAL
INV00331,SUP011,COMP001,23599486.73,2025-06-08,1.0,2025-06-28,2.0,INR,IMPS,OVERDUE,,HISTORICAL
INV00332,SUP001,COMP001,31287086.76,2025-08-17,1.0,2025-08-27,1.5,INR,IMPS,PAID,2025-09-16,HISTORICAL
INV00333,SUP013,COMP001,18887407.96,2025-07-17,0.0,,0.0,INR,CHEQUE,PAID,2025-09-13,HISTORICAL
INV00334,SUP006,COMP001,53379126.99,2025-08-10,2.0,2025-08-25,1.0,INR,CHEQUE,PAID,2025-09-22,HISTORICAL
INV00335,SUP002,COMP001,9704618.89,2025-01-10,0.0,,0.0,INR,NEFT,PAID,2025-02-06,HISTORICAL
INV00336,SUP015,COMP001,27688979.44,2025-09-07,1.0,2025-09-22,1.0,INR,IMPS,PAID,2025-10-19,HISTORICAL
INV00337,SUP008,COMP001,11805059.78,2025-05-01,0.0,,2.0,INR,CHEQUE,PAID,2025-06-15,HISTORICAL
INV00338,SUP015,COMP001,14502261.58,2025-11-08,2.5,2025-11-23,2.0,INR,IMPS,PAID,2026-01-06,HISTORICAL
INV00339,SUP010,COMP001,52434196.37,2025-01-27,0.0,,1.0,INR,RTGS,PAID,2025-04-20,HISTORICAL
INV00340,SUP008,COMP001,14664296.0,2025-08-05,0.0,,1.0,INR,CHEQUE,PAID,2025-09-19,HISTORICAL
INV00341,SUP014,COMP001,9243177.67,2025-12-16,1.0,2025-12-31,0.0,INR,CHEQUE,PENDING,,HISTORICAL
INV00342,SUP005,COMP001,43741954.83,2025-02-25,0.0,,2.0,INR,NEFT,PAID,2025-04-09,HISTORICAL
INV00343,SUP003,COMP001,42289437.85,2025-07-29,1.0,2025-08-05,2.0,INR,CHEQUE,PAID,2025-08-10,HISTORICAL
INV00344,SUP010,COMP001,14353734.99,2025-03-01,1.5,2025-03-21,2.0,INR,CHEQUE,PAID,2025-04-28,HISTORICAL
INV00345,SUP010,COMP001,48372468.23,2025-12-08,1.0,2025-12-28,1.5,INR,CHEQUE,PENDING,,HISTORICAL
INV00346,SUP004,COMP001,45529010.63,2025-07-07,0.0,,1.5,INR,RTGS,PAID,2025-08-05,HISTORICAL
INV00347,SUP009,COMP001,47435785.77,2025-06-20,1.0,2025-07-05,2.0,INR,IMPS,PAID,2025-08-04,HISTORICAL
INV00348,SUP003,COMP001,9160209.29,2025-02-23,0.0,,1.0,INR,CHEQUE,PAID,2025-03-08,HISTORICAL
INV00349,SUP014,COMP001,7081949.69,2025-03-04,1.5,2025-03-19,0.0,INR,IMPS,OVERDUE,,HISTORICAL
INV00350,SUP011,COMP001,10744152.07,2025-03-16,0.0,,2.0,INR,IMPS,PAID,2025-05-12,HISTORICAL
INV00351,SUP011,COMP001,3523050.71,2025-05-10,1.5,2025-05-30,0.0,INR,CHEQUE,PAID,2025-08-05,HISTORICAL
INV00352,SUP005,COMP001,19153086.91,2025-01-10,1.5,2025-01-25,1.5,INR,NEFT,PAID,2025-02-22,HISTORICAL
INV00353,SUP003,COMP001,22501357.65,2025-08-16,1.5,2025-08-23,0.0,INR,CHEQUE,PAID,2025-09-07,HISTORICAL
INV00354,SUP001,COMP001,47906712.6,2025-12-21,2.5,2025-12-31,2.0,INR,NEFT,PENDING,,HISTORICAL
INV00355,SUP014,COMP001,44458552.02,2025-05-29,0.0,,0.0,INR,IMPS,OVERDUE,,HISTORICAL
INV00356,SUP002,COMP001,10541347.45,2025-05-21,1.5,2025-05-31,2.0,INR,IMPS,PAID,2025-07-04,HISTORICAL
INV00357,SUP003,COMP001,37205785.08,2025-12-19,1.5,2025-12-26,1.5,INR,CHEQUE,PENDING,,HISTORICAL
INV00358,SUP009,COMP001,14937912.1,2025-09-26,0.0,,2.0,INR,RTGS,PAID,2025-11-07,HISTORICAL
INV00359,SUP007,COMP001,19566017.2,2025-10-19,0.0,,1.5,INR,RTGS,PAID,2025-11-20,HISTORICAL
INV00360,SUP013,COMP001,35950615.28,2025-11-26,0.0,,2.0,INR,NEFT,PENDING,,HISTORICAL
INV00361,SUP007,COMP001,11942035.75,2025-09-20,0.0,,1.0,INR,RTGS,PAID,2025-10-20,HISTORICAL
INV00362,SUP012,COMP001,50100294.58,2025-07-30,2.5,2025-08-19,1.5,INR,NEFT,PAID,2025-09-26,HISTORICAL
INV00363,SUP007,COMP001,56465854.66,2025-12-08,2.0,2025-12-18,1.5,INR,IMPS,PENDING,,HISTORICAL
INV00364,SUP015,COMP001,39850709.23,2025-03-19,1.0,2025-04-03,0.0,INR,NEFT,PAID,2025-05-03,HISTORICAL
INV00365,SUP013,COMP001,28711482.45,2025-08-13,0.0,,2.0,INR,IMPS,PAID,2025-10-15,HISTORICAL
INV00366,SUP004,COMP001,15864788.66,2025-05-05,1.5,2025-05-15,2.0,INR,IMPS,PAID,2025-06-01,HISTORICAL
INV00367,SUP012,COMP001,20733261.71,2025-04-20,1.5,2025-05-10,1.5,INR,IMPS,PAID,2025-06-18,HISTORICAL
INV00368,SUP009,COMP001,26016205.75,2025-11-18,1.5,2025-12-03,1.5,INR,NEFT,PENDING,,HISTORICAL
INV00369,SUP008,COMP001,58531351.73,2025-08-10,0.0,,1.0,INR,RTGS,PAID,2025-10-04,HISTORICAL
INV00370,SUP012,COMP001,16143863.98,2025-09-03,2.0,2025-09-23,2.0,INR,CHEQUE,PAID,2025-11-09,HISTORICAL
INV00371,SUP007,COMP001,5138927.5,2025-01-19,0.0,,0.0,INR,CHEQUE,PAID,2025-02-15,HISTORICAL
INV00372,SUP008,COMP001,54326061.76,2025-06-22,2.5,2025-07-07,1.0,INR,CHEQUE,PAID,2025-08-06,HISTORICAL
INV00373,SUP008,COMP001,4699102.99,2025-09-06,0.0,,2.0,INR,IMPS,PAID,2025-10-19,HISTORICAL
INV00374,SUP010,COMP001,6130619.04,2025-05-07,1.0,2025-05-27,1.5,INR,RTGS,PAID,2025-07-04,HISTORICAL
INV00375,SUP014,COMP001,6349123.43,2025-03-17,0.0,,0.0,INR,NEFT,PAID,2025-04-28,HISTORICAL
INV00376,SUP006,COMP001,36787369.29,2025-05-11,0.0,,1.0,INR,NEFT,PAID,2025-06-25,HISTORICAL
INV00377,SUP002,COMP001,45784551.05,2025-02-02,0.0,,1.0,INR,CHEQUE,PAID,2025-03-03,HISTORICAL
INV00378,SUP002,COMP001,7272370.73,2025-06-07,1.5,2025-06-17,1.5,INR,NEFT,PAID,2025-07-07,HISTORICAL
INV00379,SUP005,COMP001,17914376.92,2025-04-20,1.5,2025-05-05,0.0,INR,NEFT,PAID,2025-06-01,HISTORICAL
INV00380,SUP001,COMP001,5277715.93,2025-07-05,1.0,2025-07-15,1.5,INR,CHEQUE,PAID,2025-08-02,HISTORICAL
INV00381,SUP002,COMP001,38581702.56,2025-03-21,1.5,2025-03-31,1.0,INR,CHEQUE,PAID,2025-04-17,HISTORICAL
INV00382,SUP013,COMP001,9045013.67,2025-02-02,2.5,2025-02-22,2.0,INR,RTGS,PAID,2025-04-18,HISTORICAL
INV00383,SUP011,COMP001,42012904.61,2025-03-27,1.5,2025-04-16,1.0,INR,NEFT,PAID,2025-05-25,HISTORICAL
INV00384,SUP011,COMP001,18030825.07,2025-02-24,2.0,2025-03-16,1.5,INR,CHEQUE,PAID,2025-04-25,HISTORICAL
INV00385,SUP009,COMP001,44036807.24,2025-09-09,2.0,2025-09-24,1.5,INR,RTGS,PAID,2025-10-23,HISTORICAL
INV00386,SUP010,COMP001,11290913.28,2025-03-13,0.0,,2.0,INR,IMPS,PAID,2025-05-28,HISTORICAL
INV00387,SUP005,COMP001,54089859.81,2025-12-09,2.5,2025-12-24,2.0,INR,NEFT,PENDING,,HISTORICAL
INV00388,SUP015,COMP001,48966754.74,2025-11-21,1.5,2025-12-06,2.0,INR,NEFT,PENDING,,HISTORICAL
INV00389,SUP014,COMP001,22618232.3,2025-04-30,0.0,,0.0,INR,RTGS,OVERDUE,,HISTORICAL
INV00390,SUP012,COMP001,10791460.83,2025-07-06,2.0,2025-07-26,1.0,INR,IMPS,OVERDUE,,HISTORICAL
INV00391,SUP010,COMP001,59820417.88,2025-08-22,0.0,,1.5,INR,IMPS,PAID,2025-10-28,HISTORICAL
INV00392,SUP007,COMP001,59959267.91,2025-08-13,0.0,,2.0,INR,NEFT,PAID,2025-09-09,HISTORICAL
INV00393,SUP001,COMP001,34206937.4,2025-06-12,1.5,2025-06-22,1.0,INR,IMPS,PAID,2025-07-12,HISTORICAL
INV00394,SUP006,COMP001,15301386.68,2025-02-22,2.5,2025-03-09,0.0,INR,IMPS,PAID,2025-04-06,HISTORICAL
INV00395,SUP015,COMP001,29870082.52,2025-10-17,2.5,2025-11-01,1.0,INR,IMPS,PAID,2025-11-29,HISTORICAL
INV00396,SUP006,COMP001,55258226.55,2025-10-25,1.0,2025-11-09,0.0,INR,IMPS,PAID,2025-12-07,HISTORICAL
INV00397,SUP011,COMP001,18102669.41,2025-05-29,0.0,,1.5,INR,RTGS,PAID,2025-07-25,HISTORICAL
INV00398,SUP015,COMP001,35102588.15,2025-07-02,0.0,,1.5,INR,IMPS,PAID,2025-08-13,HISTORICAL
INV00399,SUP001,COMP001,14152507.26,2025-10-24,2.5,2025-11-03,1.5,INR,NEFT,PAID,2025-11-21,HISTORICAL
INV00400,SUP001,COMP001,25059669.39,2025-09-25,1.5,2025-10-05,0.0,INR,IMPS,PAID,2025-10-23,HISTORICAL
INV00401,SUP015,COMP001,11074337.92,2025-07-16,2.0,2025-07-31,1.5,INR,RTGS,PAID,2025-09-16,HISTORICAL
INV00402,SUP001,COMP001,55158720.89,2025-09-03,0.0,,0.0,INR,NEFT,PAID,2025-10-11,HISTORICAL
INV00403,SUP009,COMP001,58848843.18,2025-12-14,2.5,2025-12-29,1.5,INR,CHEQUE,PENDING,,HISTORICAL
INV00404,SUP015,COMP001,39097656.97,2025-04-21,1.0,2025-05-06,2.0,INR,CHEQUE,PAID,2025-06-05,HISTORICAL
INV00405,SUP012,COMP001,25024810.43,2025-02-27,0.0,,2.0,INR,CHEQUE,PAID,2025-04-27,HISTORICAL
INV00406,SUP008,COMP001,54792408.89,2025-01-08,1.0,2025-01-23,1.0,INR,NEFT,PAID,2025-02-20,HISTORICAL
INV00407,SUP006,COMP001,13091189.62,2025-04-30,2.5,2025-05-15,1.5,INR,RTGS,OVERDUE,,HISTORICAL
INV00408,SUP010,COMP001,57054483.0,2025-11-02,1.0,2025-11-22,1.0,INR,NEFT,PENDING,,HISTORICAL
INV00409,SUP013,COMP001,15489445.14,2025-04-11,1.5,2025-05-01,1.0,INR,IMPS,OVERDUE,,HISTORICAL
INV00410,SUP003,COMP001,13166187.21,2025-05-23,2.5,2025-05-30,0.0,INR,NEFT,PAID,2025-06-05,HISTORICAL
INV00411,SUP007,COMP001,49130824.51,2025-06-05,0.0,,2.0,INR,NEFT,PAID,2025-07-02,HISTORICAL
INV00412,SUP007,COMP001,59748587.5,2025-09-29,0.0,,0.0,INR,RTGS,PAID,2025-11-09,HISTORICAL
INV00413,SUP013,COMP001,54129739.77,2025-11-11,1.5,2025-12-01,0.0,INR,RTGS,PENDING,,HISTORICAL
INV00414,SUP005,COMP001,32309796.92,2025-01-01,0.0,,1.0,INR,IMPS,PAID,2025-02-12,HISTORICAL
INV00415,SUP012,COMP001,49455952.95,2025-07-14,0.0,,0.0,INR,RTGS,PAID,2025-09-10,HISTORICAL
INV00416,SUP012,COMP001,6410592.77,2025-06-19,0.0,,2.0,INR,RTGS,OVERDUE,,HISTORICAL
INV00417,SUP008,COMP001,23674918.97,2025-08-27,2.5,2025-09-11,1.0,INR,RTGS,OVERDUE,,HISTORICAL
INV00418,SUP006,COMP001,53902948.36,2025-02-21,2.5,2025-03-08,2.0,INR,RTGS,PAID,2025-04-22,HISTORICAL
INV00419,SUP008,COMP001,30402516.87,2025-09-11,0.0,,1.5,INR,RTGS,PAID,2025-10-23,HISTORICAL
INV00420,SUP003,COMP001,36684794.95,2025-01-31,2.5,2025-02-07,0.0,INR,CHEQUE,PAID,2025-02-14,HISTORICAL
INV00421,SUP010,COMP001,29532749.24,2025-02-04,1.0,2025-02-24,2.0,INR,CHEQUE,PAID,2025-04-29,HISTORICAL
INV00422,SUP003,COMP001,4139178.07,2025-06-29,1.5,2025-07-06,1.5,INR,CHEQUE,PAID,2025-07-16,HISTORICAL
INV00423,SUP011,COMP001,58750222.88,2025-12-19,0.0,,1.0,INR,IMPS,PENDING,,HISTORICAL
INV00424,SUP011,COMP001,53031295.7,2025-04-23,1.5,2025-05-13,0.0,INR,CHEQUE,PAID,2025-06-20,HISTORICAL
INV00425,SUP013,COMP001,32665299.37,2025-06-07,0.0,,2.0,INR,CHEQUE,OVERDUE,,HISTORICAL
INV00426,SUP001,COMP001,56074243.96,2025-01-14,2.0,2025-01-24,1.5,INR,IMPS,PAID,2025-02-11,HISTORICAL
INV00427,SUP011,COMP001,57056547.69,2025-04-23,0.0,,0.0,INR,RTGS,PAID,2025-06-19,HISTORICAL
INV00428,SUP003,COMP001,8882679.34,2025-09-09,1.0,2025-09-16,1.0,INR,IMPS,PAID,2025-09-24,HISTORICAL
INV00429,SUP004,COMP001,23451569.7,2025-02-07,1.5,2025-02-17,0.0,INR,NEFT,PAID,2025-03-09,HISTORICAL
INV00430,SUP015,COMP001,26068721.99,2025-06-03,0.0,,0.0,INR,RTGS,PAID,2025-07-18,HISTORICAL
INV00431,SUP008,COMP001,46399359.6,2025-03-03,0.0,,0.0,INR,NEFT,PAID,2025-04-15,HISTORICAL
INV00432,SUP015,COMP001,42272407.46,2025-12-09,0.0,,1.0,INR,RTGS,PENDING,,HISTORICAL
INV00433,SUP009,COMP001,16921859.41,2025-10-19,1.0,2025-11-03,1.5,INR,NEFT,PAID,2025-12-02,HISTORICAL
INV00434,SUP011,COMP001,10218123.69,2025-04-06,0.0,,2.0,INR,IMPS,PAID,2025-06-02,HISTORICAL
INV00435,SUP009,COMP001,52290221.02,2025-04-26,1.0,2025-05-11,1.0,INR,RTGS,PAID,2025-06-10,HISTORICAL
INV00436,SUP015,COMP001,57198391.46,2025-07-21,2.0,2025-08-05,1.0,INR,RTGS,OVERDUE,,HISTORICAL
INV00437,SUP005,COMP001,43112053.76,2025-08-30,2.0,2025-09-14,0.0,INR,CHEQUE,PAID,2025-10-12,HISTORICAL
INV00438,SUP007,COMP001,35578755.43,2025-12-02,2.5,2025-12-12,2.0,INR,NEFT,PENDING,,HISTORICAL
INV00439,SUP010,COMP001,23856506.74,2025-05-11,0.0,,0.0,INR,NEFT,PAID,2025-07-07,HISTORICAL
INV00440,SUP011,COMP001,20737969.59,2025-08-27,2.5,2025-09-16,0.0,INR,CHEQUE,PAID,2025-11-16,HISTORICAL
INV00441,SUP002,COMP001,28651573.91,2025-03-25,0.0,,2.0,INR,IMPS,PAID,2025-04-25,HISTORICAL
INV00442,SUP011,COMP001,10802978.53,2025-10-24,0.0,,1.5,INR,CHEQUE,PAID,2025-12-31,HISTORICAL
INV00443,SUP002,COMP001,23632960.26,2025-01-04,2.0,2025-01-14,0.0,INR,NEFT,PAID,2025-02-02,HISTORICAL
INV00444,SUP005,COMP001,44331047.08,2025-07-16,0.0,,1.0,INR,IMPS,PAID,2025-08-27,HISTORICAL
INV00445,SUP002,COMP001,18428136.38,2025-07-22,0.0,,2.0,INR,NEFT,OVERDUE,,HISTORICAL
INV00446,SUP006,COMP001,56225568.66,2025-01-11,1.0,2025-01-26,2.0,INR,IMPS,OVERDUE,,HISTORICAL
INV00447,SUP007,COMP001,18705927.22,2025-04-24,0.0,,0.0,INR,NEFT,PAID,2025-05-23,HISTORICAL
INV00448,SUP008,COMP001,15819348.77,2025-11-03,1.0,2025-11-18,0.0,INR,RTGS,PAID,2025-12-18,HISTORICAL
INV00449,SUP003,COMP001,41810715.79,2025-03-13,0.0,,0.0,INR,CHEQUE,PAID,2025-03-27,HISTORICAL
INV00450,SUP014,COMP001,54001688.96,2025-08-19,1.5,2025-09-03,2.0,INR,IMPS,PAID,2025-10-15,HISTORICAL
INV00451,SUP009,COMP001,59230492.6,2025-04-22,0.0,,1.0,INR,RTGS,PAID,2025-06-14,HISTORICAL
INV00452,SUP009,COMP001,19934034.21,2025-12-07,2.0,2025-12-22,1.0,INR,CHEQUE,PENDING,,HISTORICAL
INV00453,SUP007,COMP001,42167735.21,2025-06-21,1.0,2025-07-01,1.5,INR,RTGS,PAID,2025-07-18,HISTORICAL
INV00454,SUP012,COMP001,16183941.26,2025-12-15,0.0,,1.5,INR,RTGS,PENDING,,HISTORICAL
INV00455,SUP014,COMP001,26744604.15,2025-03-23,0.0,,0.0,INR,NEFT,PAID,2025-05-05,HISTORICAL
INV00456,SUP002,COMP001,38175261.29,2025-09-09,2.0,2025-09-19,2.0,INR,RTGS,PAID,2025-10-06,HISTORICAL
INV00457,SUP008,COMP001,58874414.83,2025-03-14,0.0,,2.0,INR,RTGS,PAID,2025-04-25,HISTORICAL
INV00458,SUP004,COMP001,30357762.39,2025-11-08,2.0,2025-11-18,1.5,INR,IMPS,PAID,2025-12-06,HISTORICAL
INV00459,SUP006,COMP001,26539830.82,2025-05-09,0.0,,1.0,INR,CHEQUE,OVERDUE,,HISTORICAL
INV00460,SUP003,COMP001,22632544.74,2025-06-02,0.0,,0.0,INR,IMPS,OVERDUE,,HISTORICAL
INV00461,SUP008,COMP001,56016883.69,2025-08-27,1.0,2025-09-11,0.0,INR,NEFT,PAID,2025-10-10,HISTORICAL
INV00462,SUP001,COMP001,51449229.97,2025-09-03,0.0,,1.5,INR,RTGS,PAID,2025-10-02,HISTORICAL
INV00463,SUP001,COMP001,23207993.8,2025-12-13,0.0,,1.5,INR,IMPS,PENDING,,HISTORICAL
INV00464,SUP012,COMP001,5740487.98,2025-06-28,2.0,2025-07-18,0.0,INR,IMPS,PAID,2025-08-24,HISTORICAL
INV00465,SUP006,COMP001,52793606.64,2025-10-10,0.0,,1.5,INR,NEFT,PAID,2025-12-11,HISTORICAL
INV00466,SUP013,COMP001,21470452.04,2025-12-03,1.5,2025-12-23,1.0,INR,CHEQUE,PENDING,,HISTORICAL
INV00467,SUP008,COMP001,6438952.86,2025-04-09,1.0,2025-04-24,1.5,INR,IMPS,PAID,2025-05-21,HISTORICAL
INV00468,SUP005,COMP001,22333814.42,2025-09-08,0.0,,1.0,INR,RTGS,PAID,2025-11-05,HISTORICAL
INV00469,SUP004,COMP001,57421370.89,2025-04-16,1.0,2025-04-26,1.5,INR,IMPS,PAID,2025-05-14,HISTORICAL
INV00470,SUP007,COMP001,12215145.37,2025-05-23,0.0,,1.0,INR,NEFT,PAID,2025-06-24,HISTORICAL
INV00471,SUP004,COMP001,47703168.7,2025-10-29,2.5,2025-11-08,0.0,INR,RTGS,PAID,2025-11-28,HISTORICAL
INV00472,SUP003,COMP001,25682013.21,2025-04-28,0.0,,1.5,INR,NEFT,PAID,2025-05-10,HISTORICAL
INV00473,SUP009,COMP001,46045526.75,2025-06-29,0.0,,0.0,INR,RTGS,PAID,2025-08-11,HISTORICAL
INV00474,SUP001,COMP001,5660649.9,2025-03-30,0.0,,1.0,INR,CHEQUE,PAID,2025-04-29,HISTORICAL
INV00475,SUP008,COMP001,36552561.86,2025-08-12,1.0,2025-08-27,1.5,INR,RTGS,OVERDUE,,HISTORICAL
INV00476,SUP003,COMP001,37350356.53,2025-05-20,0.0,,1.0,INR,IMPS,PAID,2025-06-01,HISTORICAL
INV00477,SUP013,COMP001,40814430.41,2025-07-20,0.0,,1.0,INR,NEFT,PAID,2025-09-17,HISTORICAL
INV00478,SUP006,COMP001,17228630.64,2025-09-12,2.0,2025-09-27,2.0,INR,RTGS,PAID,2025-10-26,HISTORICAL
INV00479,SUP012,COMP001,27428039.96,2025-02-09,0.0,,2.0,INR,RTGS,PAID,2025-04-09,HISTORICAL
INV00480,SUP004,COMP001,26568657.48,2025-05-07,0.0,,2.0,INR,IMPS,PAID,2025-06-04,HISTORICAL
INV00481,SUP003,COMP001,34012388.6,2025-05-24,2.0,2025-05-31,2.0,INR,RTGS,PAID,2025-06-07,HISTORICAL
INV00482,SUP006,COMP001,29007436.99,2025-06-13,1.5,2025-06-28,1.5,INR,NEFT,PAID,2025-07-31,HISTORICAL
INV00483,SUP007,COMP001,59124520.0,2025-07-14,0.0,,1.0,INR,RTGS,PAID,2025-08-10,HISTORICAL
INV00484,SUP010,COMP001,9013577.31,2025-12-11,0.0,,0.0,INR,IMPS,PENDING,,HISTORICAL
INV00485,SUP005,COMP001,30980097.84,2025-04-19,0.0,,1.0,INR,CHEQUE,OVERDUE,,HISTORICAL
INV00486,SUP014,COMP001,10914980.63,2025-10-16,1.0,2025-10-31,0.0,INR,NEFT,OVERDUE,,HISTORICAL
INV_FUT_0260,SUP003,TATA001,68902.88,2026-08-28,0.0,,2.0,INR,NEFT,PAID,2026-10-12,FUTURE_STREAMING
INV_FUT_0261,SUP003,TATA001,140555.66,2026-08-29,0.0,,2.0,INR,NEFT,PAID,2026-10-13,FUTURE_STREAMING
INV_FUT_0262,SUP002,TATA001,21563.53,2026-08-31,0.0,,2.0,INR,NEFT,PAID,2026-09-30,FUTURE_STREAMING
INV_FUT_0263,SUP003,TATA001,69820.02,2026-09-01,0.0,,2.0,INR,NEFT,PAID,2026-10-16,FUTURE_STREAMING
INV_FUT_0264,SUP006,TATA001,140756.65,2026-09-01,0.0,,2.0,INR,NEFT,PAID,2026-10-16,FUTURE_STREAMING
INV_FUT_0265,SUP008,TATA001,81395.73,2026-09-03,0.0,,2.0,INR,NEFT,PAID,2026-10-18,FUTURE_STREAMING
INV_FUT_0266,SUP004,TATA001,68573.91,2026-09-05,0.0,,2.0,INR,NEFT,PAID,2026-10-05,FUTURE_STREAMING
INV_FUT_0267,SUP009,TATA001,50394.63,2026-09-05,0.0,,2.0,INR,NEFT,PAID,2026-09-20,FUTURE_STREAMING
INV_FUT_0268,SUP004,TATA001,148629.8,2026-09-06,0.0,,2.0,INR,NEFT,PAID,2026-10-06,FUTURE_STREAMING
INV_FUT_0269,SUP001,TATA001,203280.38,2026-09-08,0.0,,2.0,INR,NEFT,PAID,2026-10-23,FUTURE_STREAMING
INV_FUT_0270,SUP008,TATA001,81469.81,2026-09-11,1.0,2026-09-21,2.0,INR,NEFT,PAID,2026-10-26,FUTURE_STREAMING
INV_FUT_0271,SUP011,TATA001,101727.84,2026-09-12,0.0,,2.0,INR,NEFT,PAID,2026-10-12,FUTURE_STREAMING
INV_FUT_0272,SUP007,TATA001,75933.54,2026-09-15,0.0,,2.0,INR,NEFT,PAID,2026-11-14,FUTURE_STREAMING
INV_FUT_0273,SUP012,TATA001,48347.47,2026-09-15,1.0,2026-09-25,2.0,INR,NEFT,PAID,2026-10-30,FUTURE_STREAMING
INV_FUT_0274,SUP010,TATA001,460062.9,2026-09-17,0.0,,2.0,INR,NEFT,PAID,2026-11-01,FUTURE_STREAMING
INV_FUT_0275,SUP001,TATA001,233913.71,2026-09-20,0.0,,2.0,INR,NEFT,PAID,2026-11-04,FUTURE_STREAMING
INV_FUT_0276,SUP007,TATA001,24945.27,2026-09-21,0.0,,2.0,INR,NEFT,PAID,2026-11-20,FUTURE_STREAMING
INV_FUT_0277,SUP001,TATA001,35069.2,2026-09-22,0.0,,2.0,INR,NEFT,PAID,2026-11-06,FUTURE_STREAMING
INV_FUT_0278,SUP004,TATA001,71129.12,2026-09-23,0.0,,2.0,INR,NEFT,PAID,2026-10-23,FUTURE_STREAMING
INV_FUT_0279,SUP004,TATA001,32902.92,2026-09-25,0.0,,2.0,INR,NEFT,PAID,2026-10-25,FUTURE_STREAMING
INV_FUT_0280,SUP006,TATA001,160726.26,2026-09-25,0.0,,2.0,INR,NEFT,PAID,2026-11-09,FUTURE_STREAMING
INV_FUT_0281,SUP009,TATA001,83546.76,2026-09-26,0.0,,2.0,INR,NEFT,PAID,2026-10-11,FUTURE_STREAMING
INV_FUT_0282,SUP012,TATA001,44431.48,2026-09-28,0.0,,2.0,INR,NEFT,PAID,2026-11-12,FUTURE_STREAMING
INV_FUT_0283,SUP010,TATA001,49179.14,2026-09-28,0.0,,2.0,INR,NEFT,PAID,2026-11-12,FUTURE_STREAMING
INV_FUT_0284,SUP012,TATA001,54245.79,2026-09-30,0.0,,2.0,INR,NEFT,PAID,2026-11-14,FUTURE_STREAMING
INV_FUT_0285,SUP011,TATA001,121339.23,2026-10-03,0.0,,2.0,INR,NEFT,PAID,2026-11-02,FUTURE_STREAMING
INV_FUT_0286,SUP006,TATA001,21750.78,2026-10-04,0.0,,2.0,INR,NEFT,PAID,2026-11-18,FUTURE_STREAMING
INV_FUT_0287,SUP001,TATA001,91921.69,2026-10-07,0.0,,2.0,INR,NEFT,PAID,2026-11-21,FUTURE_STREAMING
INV_FUT_0288,SUP003,TATA001,123851.11,2026-10-08,0.0,,2.0,INR,NEFT,PAID,2026-11-22,FUTURE_STREAMING
INV_FUT_0289,SUP012,TATA001,365186.56,2026-10-08,1.0,2026-10-18,2.0,INR,NEFT,PAID,2026-11-22,FUTURE_STREAMING
INV_FUT_0290,SUP009,TATA001,87468.18,2026-10-12,0.0,,2.0,INR,NEFT,PAID,2026-10-27,FUTURE_STREAMING
INV_FUT_0291,SUP007,TATA001,47825.06,2026-10-13,0.0,,2.0,INR,NEFT,PAID,2026-12-12,FUTURE_STREAMING
INV_FUT_0292,SUP009,TATA001,210891.66,2026-10-13,0.0,,2.0,INR,NEFT,PAID,2026-10-28,FUTURE_STREAMING
INV_FUT_0293,SUP009,TATA001,19702.15,2026-10-15,0.0,,2.0,INR,NEFT,PAID,2026-10-30,FUTURE_STREAMING
INV_FUT_0294,SUP004,TATA001,177542.07,2026-10-16,2.0,2026-10-26,2.0,INR,NEFT,PAID,2026-11-15,FUTURE_STREAMING
INV_FUT_0295,SUP002,TATA001,140981.75,2026-10-16,0.0,,2.0,INR,NEFT,PAID,2026-11-15,FUTURE_STREAMING
INV_FUT_0296,SUP001,TATA001,122880.54,2026-10-18,0.0,,2.0,INR,NEFT,PAID,2026-12-02,FUTURE_STREAMING
INV_FUT_0297,SUP012,TATA001,54379.43,2026-10-18,0.0,,2.0,INR,NEFT,PAID,2026-12-02,FUTURE_STREAMING
INV_FUT_0298,SUP002,TATA001,42123.78,2026-10-19,0.0,,2.0,INR,NEFT,PAID,2026-11-18,FUTURE_STREAMING
INV_FUT_0299,SUP010,TATA001,102191.32,2026-10-21,0.0,,2.0,INR,NEFT,PAID,2026-12-05,FUTURE_STREAMING
INV_FUT_0300,SUP010,TATA001,100743.16,2026-10-22,0.0,,2.0,INR,NEFT,PAID,2026-12-06,FUTURE_STREAMING
INV_FUT_0301,SUP005,TATA001,140674.24,2026-10-23,0.0,,2.0,INR,NEFT,PAID,2026-11-22,FUTURE_STREAMING
INV_FUT_0302,SUP010,TATA001,22214.17,2026-10-24,0.0,,2.0,INR,NEFT,PAID,2026-12-08,FUTURE_STREAMING
INV_FUT_0303,SUP001,TATA001,74586.42,2026-10-24,0.0,,2.0,INR,NEFT,PAID,2026-12-08,FUTURE_STREAMING
INV_FUT_0304,SUP005,TATA001,412752.65,2026-10-25,0.0,,2.0,INR,NEFT,PAID,2026-11-24,FUTURE_STREAMING
INV_FUT_0305,SUP001,TATA001,89277.69,2026-10-26,0.0,,2.0,INR,NEFT,PAID,2026-12-10,FUTURE_STREAMING
INV_FUT_0306,SUP006,TATA001,23081.91,2026-10-27,0.0,,2.0,INR,NEFT,PAID,2026-12-11,FUTURE_STREAMING
INV_FUT_0307,SUP008,TATA001,84156.77,2026-10-27,2.0,2026-11-06,2.0,INR,NEFT,PAID,2026-12-11,FUTURE_STREAMING
INV_FUT_0308,SUP011,TATA001,49806.19,2026-10-30,0.0,,2.0,INR,NEFT,PAID,2026-11-29,FUTURE_STREAMING
INV_FUT_0309,SUP005,TATA001,81003.06,2026-10-30,1.0,2026-11-09,2.0,INR,NEFT,PAID,2026-11-29,FUTURE_STREAMING
INV_FUT_0310,SUP010,TATA001,22961.84,2026-11-02,0.0,,2.0,INR,NEFT,PAID,2026-12-17,FUTURE_STREAMING
INV_FUT_0311,SUP004,TATA001,67552.43,2026-11-08,0.0,,2.0,INR,NEFT,PAID,2026-12-08,FUTURE_STREAMING
INV_FUT_0312,SUP010,TATA001,31067.96,2026-11-09,0.0,,2.0,INR,NEFT,PAID,2026-12-24,FUTURE_STREAMING
INV_FUT_0313,SUP011,TATA001,149988.04,2026-11-09,0.0,,2.0,INR,NEFT,PAID,2026-12-09,FUTURE_STREAMING
INV_FUT_0314,SUP012,TATA001,90738.36,2026-11-13,0.0,,2.0,INR,NEFT,PAID,2026-12-28,FUTURE_STREAMING
INV_FUT_0315,SUP003,TATA001,60837.09,2026-11-14,0.0,,2.0,INR,NEFT,PAID,2026-12-29,FUTURE_STREAMING
INV_FUT_0316,SUP007,TATA001,122293.38,2026-11-16,0.0,,2.0,INR,NEFT,PENDING,,FUTURE_STREAMING
INV_FUT_0317,SUP008,TATA001,85580.86,2026-11-17,0.0,,2.0,INR,NEFT,PAID,2027-01-01,FUTURE_STREAMING
INV_FUT_0318,SUP011,TATA001,128952.97,2026-11-18,0.0,,2.0,INR,NEFT,PAID,2026-12-18,FUTURE_STREAMING
INV_FUT_0319,SUP001,TATA001,68064.53,2026-11-19,0.0,,2.0,INR,NEFT,PENDING,,FUTURE_STREAMING
INV_FUT_0320,SUP010,TATA001,98714.03,2026-11-20,0.0,,2.0,INR,NEFT,PENDING,,FUTURE_STREAMING
INV_FUT_0321,SUP011,TATA001,40430.27,2026-11-23,0.0,,2.0,INR,NEFT,PAID,2026-12-23,FUTURE_STREAMING
INV_FUT_0322,SUP006,TATA001,114893.5,2026-11-25,0.0,,2.0,INR,NEFT,PENDING,,FUTURE_STREAMING
INV_FUT_0323,SUP007,TATA001,50927.33,2026-11-26,0.0,,2.0,INR,NEFT,PENDING,,FUTURE_STREAMING
INV_FUT_0324,SUP004,TATA001,134367.21,2026-11-27,2.0,2026-12-07,2.0,INR,NEFT,PAID,2026-12-27,FUTURE_STREAMING
INV_FUT_0325,SUP011,TATA001,102782.05,2026-11-29,0.0,,2.0,INR,NEFT,PAID,2026-12-29,FUTURE_STREAMING
INV_FUT_0326,SUP003,TATA001,28949.5,2026-12-01,0.0,,2.0,INR,NEFT,PENDING,,FUTURE_STREAMING
INV_FUT_0327,SUP012,TATA001,243462.61,2026-12-01,0.0,,2.0,INR,NEFT,PENDING,,FUTURE_STREAMING
INV_FUT_0328,SUP004,TATA001,75367.26,2026-12-03,2.0,2026-12-13,2.0,INR,NEFT,PENDING,,FUTURE_STREAMING
INV_FUT_0329,SUP005,TATA001,32817.07,2026-12-03,0.0,,2.0,INR,NEFT,PENDING,,FUTURE_STREAMING
INV_FUT_0330,SUP007,TATA001,161313.7,2026-12-04,0.0,,2.0,INR,NEFT,PENDING,,FUTURE_STREAMING
INV_FUT_0331,SUP004,TATA001,49277.84,2026-12-05,1.0,2026-12-15,2.0,INR,NEFT,PENDING,,FUTURE_STREAMING
INV_FUT_0332,SUP012,TATA001,38606.03,2026-12-07,0.0,,2.0,INR,NEFT,PENDING,,FUTURE_STREAMING
INV_FUT_0333,SUP004,TATA001,311633.81,2026-12-07,0.0,,2.0,INR,NEFT,PENDING,,FUTURE_STREAMING
INV_FUT_0334,SUP012,TATA001,149664.98,2026-12-08,0.0,,2.0,INR,NEFT,PENDING,,FUTURE_STREAMING
INV_FUT_0335,SUP012,TATA001,100818.27,2026-12-11,0.0,,2.0,INR,NEFT,PENDING,,FUTURE_STREAMING
INV_FUT_0336,SUP006,TATA001,419159.01,2026-12-11,0.0,,2.0,INR,NEFT,PENDING,,FUTURE_STREAMING
INV_FUT_0337,SUP003,TATA001,119964.27,2026-12-13,0.0,,2.0,INR,NEFT,PENDING,,FUTURE_STREAMING
INV_FUT_0338,SUP001,TATA001,34663.04,2026-12-14,0.0,,2.0,INR,NEFT,PENDING,,FUTURE_STREAMING
INV_FUT_0339,SUP006,TATA001,133607.36,2026-12-14,0.0,,2.0,INR,NEFT,PENDING,,FUTURE_STREAMING
INV_FUT_0340,SUP010,TATA001,114854.56,2026-12-15,0.0,,2.0,INR,NEFT,PENDING,,FUTURE_STREAMING
INV_FUT_0341,SUP001,TATA001,48932.42,2026-12-15,0.0,,2.0,INR,NEFT,PENDING,,FUTURE_STREAMING
INV_FUT_0342,SUP006,TATA001,66930.71,2026-12-16,0.0,,2.0,INR,NEFT,PENDING,,FUTURE_STREAMING
INV_FUT_0343,SUP009,TATA001,49684.63,2026-12-17,1.0,2026-12-27,2.0,INR,NEFT,PAID,2027-01-01,FUTURE_STREAMING
INV_FUT_0344,SUP007,TATA001,27429.86,2026-12-18,0.0,,2.0,INR,NEFT,PENDING,,FUTURE_STREAMING
INV_FUT_0345,SUP011,TATA001,173328.63,2026-12-22,0.0,,2.0,INR,NEFT,PENDING,,FUTURE_STREAMING
INV_FUT_0346,SUP006,TATA001,70911.88,2026-12-22,0.0,,2.0,INR,NEFT,PENDING,,FUTURE_STREAMING
INV_FUT_0347,SUP006,TATA001,138745.78,2026-12-24,0.0,,2.0,INR,NEFT,PENDING,,FUTURE_STREAMING
INV_FUT_0348,SUP009,TATA001,84408.19,2026-12-24,0.0,,2.0,INR,NEFT,PENDING,,FUTURE_STREAMING
INV_FUT_0349,SUP011,TATA001,220013.19,2026-12-26,0.0,,2.0,INR,NEFT,PENDING,,FUTURE_STREAMING
INV_FUT_0350,SUP004,TATA001,42256.43,2026-12-27,0.0,,2.0,INR,NEFT,PENDING,,FUTURE_STREAMING
INV_FUT_0351,SUP012,TATA001,57919.42,2026-12-28,0.0,,2.0,INR,NEFT,PENDING,,FUTURE_STREAMING
INV_FUT_0352,SUP011,TATA001,19528.05,2026-12-28,0.0,,2.0,INR,NEFT,PENDING,,FUTURE_STREAMING
INV_FUT_0353,SUP007,TATA001,15000.0,2026-12-31,0.0,,2.0,INR,NEFT,PENDING,,FUTURE_STREAMING
INV_FUT_0354,SUP007,TATA001,88270.38,2026-12-31,0.0,,2.0,INR,NEFT,PENDING,,FUTURE_STREAMING
