receivable_id,customer_id,company_id,amount,invoice_date,expected_date,collection_probability,expected_delay_days,status,actual_payment_date,data_source
RCV00001,CUST020,COMP001,46957391.6,2025-05-25,2025-07-24,0.46,1,PAID,2025-07-23,HISTORICAL
RCV00002,CUST008,COMP001,64984587.65,2025-05-12,2025-06-11,0.65,0,PAID,2025-06-08,HISTORICAL
RCV00003,CUST002,COMP001,78726947.47,2025-08-19,2025-09-18,0.87,0,PAID,2025-09-16,HISTORICAL
RCV00004,CUST015,COMP001,22156068.25,2025-02-19,2025-03-21,0.75,0,PAID,2025-03-18,HISTORICAL
RCV00005,CUST001,COMP001,16722758.6,2025-07-09,2025-07-24,0.93,0,PAID,2025-07-23,HISTORICAL
RCV00006,CUST006,COMP001,57708049.14,2025-02-07,2025-03-24,0.67,29,PAID,2025-03-23,HISTORICAL
RCV00007,CUST018,COMP001,27426621.47,2025-06-24,2025-08-08,0.79,0,PAID,2025-08-14,HISTORICAL
RCV00008,CUST001,COMP001,11848311.06,2025-02-26,2025-03-13,0.89,0,PAID,2025-03-11,HISTORICAL
RCV00009,CUST012,COMP001,6915175.95,2025-06-21,2025-07-06,0.9,0,PAID,2025-07-03,HISTORICAL
RCV00010,CUST009,COMP001,10973159.39,2025-01-27,2025-03-28,0.3,0,PAID,2025-03-27,HISTORICAL
RCV00011,CUST017,COMP001,74802744.61,2025-06-22,2025-08-06,0.85,0,PAID,2025-08-04,HISTORICAL
RCV00012,CUST003,COMP001,14845108.89,2025-11-29,2025-12-14,0.93,0,PAID,2025-12-11,HISTORICAL
RCV00013,CUST010,COMP001,47083477.8,2025-10-13,2025-12-12,0.53,0,PAID,2025-12-10,HISTORICAL
RCV00014,CUST013,COMP001,34405804.22,2025-01-02,2025-02-01,0.94,0,PAID,2025-02-01,HISTORICAL
RCV00015,CUST023,COMP001,24186464.48,2025-01-05,2025-02-04,0.88,0,PAID,2025-02-03,HISTORICAL
RCV00016,CUST011,COMP001,17330106.7,2025-01-18,2025-02-17,0.85,15,PAID,2025-02-16,HISTORICAL
RCV00017,CUST008,COMP001,23893536.75,2025-02-17,2025-03-19,0.7,0,PAID,2025-03-16,HISTORICAL
RCV00018,CUST015,COMP001,75404020.42,2025-12-04,2026-01-03,0.82,0,PENDING,,HISTORICAL
RCV00019,CUST019,COMP001,12400209.53,2025-03-28,2025-05-12,0.36,13,OVERDUE,,HISTORICAL
RCV00020,CUST007,COMP001,54309266.48,2025-05-19,2025-07-03,0.59,0,OVERDUE,,HISTORICAL
RCV00021,CUST025,COMP001,26315601.79,2025-12-06,2026-01-20,0.61,29,PENDING,,HISTORICAL
RCV00022,CUST019,COMP001,63770049.8,2025-06-13,2025-07-28,0.39,2,OVERDUE,,HISTORICAL
RCV00023,CUST015,COMP001,45081442.16,2025-08-27,2025-09-26,0.75,0,PAID,2025-09-23,HISTORICAL
RCV00024,CUST022,COMP001,65192638.74,2025-10-02,2025-11-01,1.0,6,PAID,2025-10-30,HISTORICAL
RCV00025,CUST010,COMP001,23403671.92,2025-02-24,2025-04-25,0.52,0,PAID,2025-04-25,HISTORICAL
RCV00026,CUST014,COMP001,14866097.55,2025-09-19,2025-10-19,0.85,0,OVERDUE,,HISTORICAL
RCV00027,CUST015,COMP001,29555302.85,2025-03-29,2025-04-28,0.81,24,PAID,2025-05-03,HISTORICAL
RCV00028,CUST019,COMP001,56882007.59,2025-08-10,2025-09-24,0.39,34,PAID,2025-10-21,HISTORICAL
RCV00029,CUST009,COMP001,61519968.26,2025-02-02,2025-04-03,0.28,26,PAID,2025-04-12,HISTORICAL
RCV00030,CUST018,COMP001,28715012.03,2025-04-15,2025-05-30,0.8,0,PAID,2025-05-30,HISTORICAL
RCV00031,CUST014,COMP001,29151993.47,2025-11-27,2025-12-27,0.85,0,PAID,2025-12-27,HISTORICAL
RCV00032,CUST018,COMP001,4377765.42,2025-04-17,2025-06-01,0.8,0,OVERDUE,,HISTORICAL
RCV00033,CUST021,COMP001,58250158.21,2025-04-12,2025-04-27,0.86,0,OVERDUE,,HISTORICAL
RCV00034,CUST011,COMP001,43403373.29,2025-08-11,2025-09-10,0.85,0,PAID,2025-09-08,HISTORICAL
RCV00035,CUST001,COMP001,12012579.11,2025-05-20,2025-06-04,0.89,0,PAID,2025-06-03,HISTORICAL
RCV00036,CUST010,COMP001,32253868.02,2025-07-14,2025-09-12,0.57,25,PAID,2025-09-09,HISTORICAL
RCV00037,CUST012,COMP001,39655326.7,2025-10-05,2025-10-20,0.93,0,PAID,2025-10-18,HISTORICAL
RCV00038,CUST017,COMP001,70555775.67,2025-10-09,2025-11-23,0.8,31,PAID,2025-12-17,HISTORICAL
RCV00039,CUST009,COMP001,48951493.56,2025-01-17,2025-03-18,0.3,1,PAID,2025-03-18,HISTORICAL
RCV00040,CUST004,COMP001,64134521.89,2025-05-22,2025-07-06,0.68,24,PAID,2025-07-17,HISTORICAL
RCV00041,CUST007,COMP001,78880844.34,2025-11-24,2026-01-08,0.62,0,PENDING,,HISTORICAL
RCV00042,CUST002,COMP001,28362221.48,2025-09-26,2025-10-26,0.83,0,PAID,2025-10-24,HISTORICAL
RCV00043,CUST019,COMP001,14692309.0,2025-04-26,2025-06-10,0.41,0,PAID,2025-06-07,HISTORICAL
RCV00044,CUST009,COMP001,16117213.35,2025-06-14,2025-08-13,0.36,0,PAID,2025-08-31,HISTORICAL
RCV00045,CUST023,COMP001,28445007.54,2025-04-16,2025-05-16,0.9,0,PAID,2025-05-14,HISTORICAL
RCV00046,CUST024,COMP001,52685689.76,2025-01-28,2025-03-14,0.79,0,PAID,2025-03-13,HISTORICAL
RCV00047,CUST022,COMP001,35912422.39,2025-07-31,2025-08-30,0.91,0,PAID,2025-08-29,HISTORICAL
RCV00048,CUST024,COMP001,76781338.38,2025-10-20,2025-12-04,0.83,19,PAID,2025-12-03,HISTORICAL
RCV00049,CUST007,COMP001,49323327.42,2025-08-08,2025-09-22,0.55,30,OVERDUE,,HISTORICAL
RCV00050,CUST023,COMP001,19548157.43,2025-05-28,2025-06-27,0.9,0,PAID,2025-06-27,HISTORICAL
RCV00051,CUST004,COMP001,28369615.49,2025-02-17,2025-04-03,0.68,0,PAID,2025-03-31,HISTORICAL
RCV00052,CUST017,COMP001,33464025.82,2025-07-23,2025-09-06,0.77,0,PAID,2025-09-04,HISTORICAL
RCV00053,CUST011,COMP001,13144311.74,2025-03-16,2025-04-15,0.9,0,PAID,2025-04-13,HISTORICAL
RCV00054,CUST024,COMP001,9784107.31,2025-10-03,2025-11-17,0.76,0,PAID,2025-11-15,HISTORICAL
RCV00055,CUST007,COMP001,10592320.26,2025-06-25,2025-08-09,0.56,0,OVERDUE,,HISTORICAL
RCV00056,CUST021,COMP001,50537630.38,2025-02-27,2025-03-14,0.86,0,PAID,2025-03-11,HISTORICAL
RCV00057,CUST007,COMP001,26391244.08,2025-05-22,2025-07-06,0.56,0,PAID,2025-07-06,HISTORICAL
RCV00058,CUST001,COMP001,75477601.06,2025-04-06,2025-04-21,0.89,0,PAID,2025-04-25,HISTORICAL
RCV00059,CUST020,COMP001,26250276.95,2025-01-03,2025-03-04,0.53,20,PAID,2025-03-04,HISTORICAL
RCV00060,CUST025,COMP001,75004637.69,2025-11-15,2025-12-30,0.63,0,PAID,2025-12-29,HISTORICAL
RCV00061,CUST013,COMP001,71514668.37,2025-12-10,2026-01-09,0.92,0,PENDING,,HISTORICAL
RCV00062,CUST021,COMP001,72814026.58,2025-11-04,2025-11-19,0.87,0,PAID,2025-11-30,HISTORICAL
RCV00063,CUST021,COMP001,60052361.69,2025-03-11,2025-03-26,0.85,0,PAID,2025-03-24,HISTORICAL
RCV00064,CUST011,COMP001,44173442.02,2025-04-09,2025-05-09,0.87,24,PAID,2025-05-08,HISTORICAL
RCV00065,CUST005,COMP001,20763221.69,2025-12-03,2026-01-02,0.61,24,PENDING,,HISTORICAL
RCV00066,CUST001,COMP001,67979238.45,2025-09-01,2025-09-16,0.84,0,PAID,2025-09-14,HISTORICAL
RCV00067,CUST008,COMP001,72602567.21,2025-03-26,2025-04-25,0.7,0,PAID,2025-04-24,HISTORICAL
RCV00068,CUST017,COMP001,23323726.52,2025-05-28,2025-07-12,0.78,0,PAID,2025-07-10,HISTORICAL
RCV00069,CUST017,COMP001,12955242.14,2025-03-31,2025-05-15,0.83,0,PAID,2025-05-14,HISTORICAL
RCV00070,CUST013,COMP001,28365733.33,2025-05-03,2025-06-02,0.94,28,PAID,2025-06-01,HISTORICAL
RCV00071,CUST004,COMP001,9933398.98,2025-06-30,2025-08-14,0.6,0,PAID,2025-08-12,HISTORICAL
RCV00072,CUST002,COMP001,16497519.56,2025-06-06,2025-07-06,0.83,0,PAID,2025-07-06,HISTORICAL
RCV00073,CUST020,COMP001,25562665.28,2025-07-01,2025-08-30,0.51,21,PAID,2025-08-28,HISTORICAL
RCV00074,CUST018,COMP001,36013000.03,2025-09-16,2025-10-31,0.74,15,PAID,2025-10-31,HISTORICAL
RCV00075,CUST021,COMP001,79218146.62,2025-11-05,2025-11-20,0.83,0,PAID,2025-11-17,HISTORICAL
RCV00076,CUST014,COMP001,29701783.53,2025-08-24,2025-09-23,0.78,0,PAID,2025-09-23,HISTORICAL
RCV00077,CUST007,COMP001,74476274.28,2025-08-22,2025-10-06,0.55,0,PAID,2025-10-05,HISTORICAL
RCV00078,CUST018,COMP001,67565084.51,2025-09-02,2025-10-17,0.75,22,PAID,2025-10-16,HISTORICAL
RCV00079,CUST010,COMP001,69108335.25,2025-01-16,2025-03-17,0.52,11,OVERDUE,,HISTORICAL
RCV00080,CUST014,COMP001,27122264.19,2025-03-14,2025-04-13,0.8,0,OVERDUE,,HISTORICAL
RCV00081,CUST006,COMP001,31076296.06,2025-08-31,2025-10-15,0.67,0,OVERDUE,,HISTORICAL
RCV00082,CUST006,COMP001,3614697.65,2025-07-06,2025-08-20,0.58,25,OVERDUE,,HISTORICAL
RCV00083,CUST021,COMP001,48546819.51,2025-06-13,2025-06-28,0.84,0,PAID,2025-06-27,HISTORICAL
RCV00084,CUST010,COMP001,42882370.21,2025-08-02,2025-10-01,0.57,0,PAID,2025-09-28,HISTORICAL
RCV00085,CUST025,COMP001,43040986.27,2025-02-18,2025-04-04,0.66,0,PAID,2025-04-04,HISTORICAL
RCV00086,CUST014,COMP001,10438328.57,2025-07-02,2025-08-01,0.79,0,PAID,2025-07-30,HISTORICAL
RCV00087,CUST008,COMP001,5708399.44,2025-11-03,2025-12-03,0.7,0,PAID,2025-12-02,HISTORICAL
RCV00088,CUST003,COMP001,39689517.8,2025-12-06,2025-12-21,0.89,0,PAID,2025-12-28,HISTORICAL
RCV00089,CUST015,COMP001,20449586.59,2025-05-21,2025-06-20,0.82,11,PAID,2025-06-18,HISTORICAL
RCV00090,CUST009,COMP001,63592906.76,2025-01-08,2025-03-09,0.36,17,PAID,2025-03-30,HISTORICAL
RCV00091,CUST021,COMP001,25825955.64,2025-03-04,2025-03-19,0.82,0,PAID,2025-03-17,HISTORICAL
RCV00092,CUST022,COMP001,42380848.78,2025-11-23,2025-12-23,0.97,0,PAID,2025-12-21,HISTORICAL
RCV00093,CUST006,COMP001,52132706.68,2025-10-10,2025-11-24,0.64,0,PAID,2025-11-22,HISTORICAL
RCV00094,CUST009,COMP001,75853466.16,2025-04-10,2025-06-09,0.33,22,PAID,2025-06-27,HISTORICAL
RCV00095,CUST014,COMP001,31433276.23,2025-02-12,2025-03-14,0.82,0,PAID,2025-03-14,HISTORICAL
RCV00096,CUST019,COMP001,74613363.03,2025-08-02,2025-09-16,0.41,0,OVERDUE,,HISTORICAL
RCV00097,CUST003,COMP001,8844799.42,2025-05-07,2025-05-22,0.91,0,PAID,2025-05-20,HISTORICAL
RCV00098,CUST010,COMP001,65855180.99,2025-07-15,2025-09-13,0.56,9,PAID,2025-09-11,HISTORICAL
RCV00099,CUST003,COMP001,37278636.88,2025-12-06,2025-12-21,0.9,0,PAID,2025-12-21,HISTORICAL
RCV00100,CUST024,COMP001,74594141.13,2025-04-30,2025-06-14,0.85,0,PAID,2025-06-14,HISTORICAL
RCV00101,CUST019,COMP001,65265190.69,2025-02-08,2025-03-25,0.36,0,OVERDUE,,HISTORICAL
RCV00102,CUST022,COMP001,27248561.03,2025-09-15,2025-10-15,0.95,0,PAID,2025-10-13,HISTORICAL
RCV00103,CUST008,COMP001,16994671.14,2025-06-29,2025-07-29,0.71,25,PAID,2025-07-28,HISTORICAL
RCV00104,CUST014,COMP001,35338026.66,2025-10-28,2025-11-27,0.78,0,PAID,2025-11-26,HISTORICAL
RCV00105,CUST011,COMP001,11450590.75,2025-11-03,2025-12-03,0.89,0,PAID,2025-12-03,HISTORICAL
RCV00106,CUST022,COMP001,23839110.31,2025-08-12,2025-09-11,0.91,0,PAID,2025-09-09,HISTORICAL
RCV00107,CUST014,COMP001,14917858.7,2025-01-15,2025-02-14,0.8,0,PAID,2025-02-14,HISTORICAL
RCV00108,CUST011,COMP001,54878147.72,2025-08-11,2025-09-10,0.86,0,PAID,2025-09-09,HISTORICAL
RCV00109,CUST022,COMP001,25187691.59,2025-02-08,2025-03-10,0.95,12,PAID,2025-03-07,HISTORICAL
RCV00110,CUST002,COMP001,61570641.27,2025-11-20,2025-12-20,0.86,0,PAID,2025-12-19,HISTORICAL
RCV00111,CUST021,COMP001,68771752.81,2025-04-22,2025-05-07,0.82,0,PAID,2025-05-07,HISTORICAL
RCV00112,CUST022,COMP001,36713034.01,2025-07-06,2025-08-05,0.96,0,PAID,2025-08-02,HISTORICAL
RCV00113,CUST005,COMP001,73903188.1,2025-04-06,2025-05-06,0.62,0,PAID,2025-05-04,HISTORICAL
RCV00114,CUST016,COMP001,9454700.9,2025-07-19,2025-09-02,0.65,13,OVERDUE,,HISTORICAL
RCV00115,CUST005,COMP001,57303111.3,2025-05-11,2025-06-10,0.62,21,PAID,2025-06-08,HISTORICAL
RCV00116,CUST007,COMP001,39848115.08,2025-01-15,2025-03-01,0.57,0,OVERDUE,,HISTORICAL
RCV00117,CUST017,COMP001,19193295.83,2025-04-07,2025-05-22,0.75,0,PAID,2025-05-22,HISTORICAL
RCV00118,CUST005,COMP001,77786235.87,2025-11-01,2025-12-01,0.59,24,PAID,2025-11-29,HISTORICAL
RCV00119,CUST009,COMP001,78587565.59,2025-10-01,2025-11-30,0.33,8,PAID,2025-12-21,HISTORICAL
RCV00120,CUST017,COMP001,24194088.84,2025-05-31,2025-07-15,0.77,0,PAID,2025-07-13,HISTORICAL
RCV00121,CUST011,COMP001,52183330.49,2025-06-06,2025-07-06,0.89,0,PAID,2025-07-05,HISTORICAL
RCV00122,CUST005,COMP001,55961964.47,2025-02-26,2025-03-28,0.59,0,PAID,2025-03-26,HISTORICAL
RCV00123,CUST021,COMP001,58240244.36,2025-04-03,2025-04-18,0.83,0,PAID,2025-04-18,HISTORICAL
RCV00124,CUST020,COMP001,51752615.61,2025-07-14,2025-09-12,0.48,0,OVERDUE,,HISTORICAL
RCV00125,CUST023,COMP001,8978713.65,2025-11-14,2025-12-14,0.81,0,PAID,2025-12-31,HISTORICAL
RCV00126,CUST022,COMP001,77310285.94,2025-06-18,2025-07-18,0.91,0,PAID,2025-07-15,HISTORICAL
RCV00127,CUST008,COMP001,19045751.67,2025-08-08,2025-09-07,0.66,33,PAID,2025-09-07,HISTORICAL
RCV00128,CUST004,COMP001,4487116.29,2025-01-05,2025-02-19,0.65,0,PAID,2025-02-19,HISTORICAL
RCV00129,CUST009,COMP001,50192456.36,2025-08-06,2025-10-05,0.35,15,PAID,2025-10-31,HISTORICAL
RCV00130,CUST007,COMP001,62542143.39,2025-03-08,2025-04-22,0.62,0,PAID,2025-04-19,HISTORICAL
RCV00131,CUST009,COMP001,78738212.54,2025-03-23,2025-05-22,0.33,19,PAID,2025-05-20,HISTORICAL
RCV00132,CUST011,COMP001,32340132.46,2025-06-13,2025-07-13,0.91,0,PAID,2025-07-11,HISTORICAL
RCV00133,CUST011,COMP001,36572600.13,2025-11-01,2025-12-01,0.87,0,PAID,2025-11-28,HISTORICAL
RCV00134,CUST006,COMP001,73551205.41,2025-06-16,2025-07-31,0.62,0,OVERDUE,,HISTORICAL
RCV00135,CUST017,COMP001,65206449.94,2025-10-25,2025-12-09,0.77,0,PAID,2026-01-07,HISTORICAL
RCV00136,CUST008,COMP001,12944768.18,2025-08-03,2025-09-02,0.68,0,PAID,2025-08-31,HISTORICAL
RCV00137,CUST022,COMP001,33538185.9,2025-12-02,2026-01-01,0.92,0,PENDING,,HISTORICAL
RCV00138,CUST019,COMP001,69481001.4,2025-10-25,2025-12-09,0.39,0,OVERDUE,,HISTORICAL
RCV00139,CUST024,COMP001,11802104.41,2025-05-13,2025-06-27,0.84,0,PAID,2025-06-26,HISTORICAL
RCV00140,CUST014,COMP001,19569685.76,2025-06-08,2025-07-08,0.79,0,PAID,2025-07-06,HISTORICAL
RCV00141,CUST004,COMP001,37919856.17,2025-01-13,2025-02-27,0.68,0,OVERDUE,,HISTORICAL
RCV00142,CUST005,COMP001,52979552.92,2025-08-15,2025-09-14,0.64,0,PAID,2025-09-18,HISTORICAL
RCV00143,CUST009,COMP001,32665530.97,2025-12-08,2026-02-06,0.33,0,PENDING,,HISTORICAL
RCV00144,CUST002,COMP001,2746088.74,2025-04-07,2025-05-07,0.88,0,PAID,2025-05-06,HISTORICAL
RCV00145,CUST013,COMP001,56037931.37,2025-10-26,2025-11-25,0.92,0,PAID,2025-11-25,HISTORICAL
RCV00146,CUST025,COMP001,3688296.98,2025-12-07,2026-01-21,0.6,0,PENDING,,HISTORICAL
RCV00147,CUST012,COMP001,39163448.01,2025-01-31,2025-02-15,0.96,0,PAID,2025-02-15,HISTORICAL
RCV00148,CUST025,COMP001,44015633.64,2025-11-11,2025-12-26,0.63,22,PAID,2025-12-23,HISTORICAL
RCV00149,CUST007,COMP001,5605774.97,2025-08-31,2025-10-15,0.61,0,OVERDUE,,HISTORICAL
RCV00150,CUST007,COMP001,46308355.26,2025-05-28,2025-07-12,0.63,21,PAID,2025-07-11,HISTORICAL
RCV00151,CUST004,COMP001,61572796.45,2025-02-11,2025-03-28,0.65,32,PAID,2025-03-27,HISTORICAL
RCV00152,CUST012,COMP001,22967717.18,2025-10-16,2025-10-31,0.95,0,PAID,2025-11-08,HISTORICAL
RCV00153,CUST022,COMP001,54140166.33,2025-12-14,2026-01-13,0.97,0,PENDING,,HISTORICAL
RCV00154,CUST001,COMP001,9172927.0,2025-07-24,2025-08-08,0.85,0,PAID,2025-08-10,HISTORICAL
RCV00155,CUST001,COMP001,31946719.87,2025-11-09,2025-11-24,0.85,0,PAID,2025-11-24,HISTORICAL
RCV00156,CUST013,COMP001,72358441.88,2025-05-21,2025-06-20,0.89,0,PAID,2025-06-19,HISTORICAL
RCV00157,CUST011,COMP001,78982129.07,2025-05-04,2025-06-03,0.89,0,PAID,2025-06-02,HISTORICAL
RCV00158,CUST003,COMP001,31052891.78,2025-01-29,2025-02-13,0.88,0,PAID,2025-02-11,HISTORICAL
RCV00159,CUST015,COMP001,15832611.58,2025-05-02,2025-06-01,0.74,0,PAID,2025-05-30,HISTORICAL
RCV00160,CUST009,COMP001,57786441.06,2025-01-02,2025-03-03,0.35,0,OVERDUE,,HISTORICAL
RCV00161,CUST007,COMP001,62077709.57,2025-03-13,2025-04-27,0.63,17,PAID,2025-04-27,HISTORICAL
RCV00162,CUST008,COMP001,30983769.7,2025-03-24,2025-04-23,0.7,0,PAID,2025-04-21,HISTORICAL
RCV00163,CUST001,COMP001,40701274.68,2025-07-06,2025-07-21,0.9,0,PAID,2025-07-20,HISTORICAL
RCV00164,CUST011,COMP001,57096239.93,2025-05-15,2025-06-14,0.87,0,PAID,2025-06-11,HISTORICAL
RCV00165,CUST007,COMP001,43003212.06,2025-11-10,2025-12-25,0.6,32,OVERDUE,,HISTORICAL
RCV00166,CUST012,COMP001,51775681.9,2025-06-25,2025-07-10,0.91,0,PAID,2025-07-08,HISTORICAL
RCV00167,CUST021,COMP001,27872238.71,2025-11-18,2025-12-03,0.83,0,PAID,2025-11-30,HISTORICAL
RCV00168,CUST024,COMP001,56405066.04,2025-04-08,2025-05-23,0.85,0,PAID,2025-05-23,HISTORICAL
RCV00169,CUST025,COMP001,32517575.81,2025-05-22,2025-07-06,0.64,36,OVERDUE,,HISTORICAL
RCV00170,CUST023,COMP001,23323857.07,2025-11-08,2025-12-08,0.84,0,PAID,2025-12-07,HISTORICAL
RCV00171,CUST001,COMP001,20853915.88,2025-08-12,2025-08-27,0.86,0,PAID,2025-08-24,HISTORICAL
RCV00172,CUST008,COMP001,68332949.81,2025-03-25,2025-04-24,0.68,2,PAID,2025-04-22,HISTORICAL
RCV00173,CUST005,COMP001,35478730.91,2025-07-17,2025-08-16,0.59,0,PAID,2025-08-16,HISTORICAL
RCV00174,CUST018,COMP001,50014381.7,2025-07-20,2025-09-03,0.78,0,PAID,2025-08-31,HISTORICAL
RCV00175,CUST016,COMP001,4647288.25,2025-06-14,2025-07-29,0.72,0,PAID,2025-07-26,HISTORICAL
RCV00176,CUST011,COMP001,60406156.94,2025-08-09,2025-09-08,0.89,0,PAID,2025-09-08,HISTORICAL
RCV00177,CUST022,COMP001,51642572.02,2025-07-03,2025-08-02,0.93,0,PAID,2025-08-01,HISTORICAL
RCV00178,CUST013,COMP001,69499378.79,2025-01-07,2025-02-06,0.93,0,PAID,2025-02-03,HISTORICAL
RCV00179,CUST012,COMP001,3717500.28,2025-02-25,2025-03-12,0.95,0,PAID,2025-03-12,HISTORICAL
RCV00180,CUST001,COMP001,39151063.5,2025-03-21,2025-04-05,0.84,0,PAID,2025-04-03,HISTORICAL
RCV00181,CUST009,COMP001,39347887.49,2025-02-25,2025-04-26,0.34,15,OVERDUE,,HISTORICAL
RCV00182,CUST017,COMP001,33803178.03,2025-05-16,2025-06-30,0.77,0,PAID,2025-06-30,HISTORICAL
RCV00183,CUST011,COMP001,57678686.48,2025-04-17,2025-05-17,0.86,0,PAID,2025-05-17,HISTORICAL
RCV00184,CUST005,COMP001,9248812.97,2025-07-14,2025-08-13,0.55,0,OVERDUE,,HISTORICAL
RCV00185,CUST017,COMP001,57823785.43,2025-11-04,2025-12-19,0.81,0,PAID,2025-12-18,HISTORICAL
RCV00186,CUST015,COMP001,29007209.0,2025-05-24,2025-06-23,0.81,0,PAID,2025-06-20,HISTORICAL
RCV00187,CUST022,COMP001,63474091.63,2025-02-15,2025-03-17,0.94,0,PAID,2025-03-17,HISTORICAL
RCV00188,CUST016,COMP001,3709463.32,2025-05-20,2025-07-04,0.67,0,PAID,2025-07-01,HISTORICAL
RCV00189,CUST019,COMP001,78205941.45,2025-07-25,2025-09-08,0.35,3,PAID,2025-10-03,HISTORICAL
RCV00190,CUST012,COMP001,4110408.93,2025-02-05,2025-02-20,0.96,0,PAID,2025-02-20,HISTORICAL
RCV00191,CUST008,COMP001,52167921.58,2025-06-10,2025-07-10,0.74,30,PAID,2025-07-08,HISTORICAL
RCV00192,CUST020,COMP001,20638266.62,2025-07-31,2025-09-29,0.53,0,PAID,2025-09-27,HISTORICAL
RCV00193,CUST021,COMP001,23054265.54,2025-05-19,2025-06-03,0.9,0,PAID,2025-06-03,HISTORICAL
RCV00194,CUST013,COMP001,15734498.85,2025-04-28,2025-05-28,0.93,0,PAID,2025-06-14,HISTORICAL
RCV00195,CUST013,COMP001,19486923.51,2025-03-11,2025-04-10,0.9,0,PAID,2025-04-07,HISTORICAL
RCV00196,CUST021,COMP001,48375829.98,2025-02-03,2025-02-18,0.89,19,PAID,2025-02-18,HISTORICAL
RCV00197,CUST012,COMP001,69421954.01,2025-03-12,2025-03-27,0.93,0,PAID,2025-03-25,HISTORICAL
RCV00198,CUST003,COMP001,46826659.17,2025-05-24,2025-06-08,0.86,0,PAID,2025-06-05,HISTORICAL
RCV00199,CUST023,COMP001,29625023.49,2025-09-19,2025-10-19,0.84,22,PAID,2025-10-19,HISTORICAL
RCV00200,CUST022,COMP001,36276840.61,2025-11-01,2025-12-01,0.95,0,PAID,2025-11-28,HISTORICAL
RCV00201,CUST004,COMP001,17052534.66,2025-06-12,2025-07-27,0.69,0,PAID,2025-08-17,HISTORICAL
RCV00202,CUST006,COMP001,49472872.31,2025-04-19,2025-06-03,0.59,0,OVERDUE,,HISTORICAL
RCV00203,CUST008,COMP001,59065295.14,2025-08-30,2025-09-29,0.7,7,PAID,2025-10-22,HISTORICAL
RCV00204,CUST024,COMP001,37202647.98,2025-11-22,2026-01-06,0.83,0,PENDING,,HISTORICAL
RCV00205,CUST008,COMP001,10744149.37,2025-02-13,2025-03-15,0.67,0,PAID,2025-03-15,HISTORICAL
RCV00206,CUST025,COMP001,60321485.91,2025-04-19,2025-06-03,0.63,0,PAID,2025-06-01,HISTORICAL
RCV00207,CUST019,COMP001,47843568.0,2025-03-18,2025-05-02,0.33,0,PAID,2025-04-30,HISTORICAL
RCV00208,CUST024,COMP001,41946659.28,2025-06-01,2025-07-16,0.78,0,PAID,2025-08-07,HISTORICAL
RCV00209,CUST011,COMP001,10763382.18,2025-06-11,2025-07-11,0.9,0,PAID,2025-07-11,HISTORICAL
RCV00210,CUST021,COMP001,37065735.41,2025-05-10,2025-05-25,0.9,0,PAID,2025-05-23,HISTORICAL
RCV00211,CUST011,COMP001,73017100.02,2025-09-08,2025-10-08,0.89,0,PAID,2025-10-07,HISTORICAL
RCV00212,CUST011,COMP001,57927423.44,2025-01-28,2025-02-27,0.83,0,OVERDUE,,HISTORICAL
RCV00213,CUST003,COMP001,39857821.25,2025-12-06,2025-12-21,0.85,0,PAID,2025-12-19,HISTORICAL
RCV00214,CUST010,COMP001,25954066.14,2025-08-25,2025-10-24,0.51,0,PAID,2025-10-24,HISTORICAL
RCV00215,CUST019,COMP001,48294167.81,2025-01-30,2025-03-16,0.4,35,PAID,2025-03-29,HISTORICAL
RCV00216,CUST019,COMP001,29400933.71,2025-07-22,2025-09-05,0.37,26,OVERDUE,,HISTORICAL
RCV00217,CUST019,COMP001,68013362.95,2025-10-01,2025-11-15,0.39,21,PAID,2025-11-12,HISTORICAL
RCV00218,CUST013,COMP001,54297812.53,2025-04-15,2025-05-15,0.88,0,PAID,2025-05-15,HISTORICAL
RCV00219,CUST019,COMP001,32880591.19,2025-08-10,2025-09-24,0.4,16,PAID,2025-09-24,HISTORICAL
RCV00220,CUST018,COMP001,31489269.41,2025-02-26,2025-04-12,0.81,19,PAID,2025-05-02,HISTORICAL
RCV00221,CUST011,COMP001,10767736.28,2025-05-27,2025-06-26,0.87,0,PAID,2025-06-25,HISTORICAL
RCV00222,CUST003,COMP001,12868924.24,2025-10-13,2025-10-28,0.84,0,PAID,2025-10-26,HISTORICAL
RCV00223,CUST015,COMP001,71101945.44,2025-05-05,2025-06-04,0.83,0,PAID,2025-06-20,HISTORICAL
RCV00224,CUST013,COMP001,30459020.7,2025-07-21,2025-08-20,0.91,0,PAID,2025-08-20,HISTORICAL
RCV00225,CUST013,COMP001,23599716.66,2025-09-27,2025-10-27,0.96,0,PAID,2025-10-25,HISTORICAL
RCV00226,CUST014,COMP001,48131737.88,2025-01-09,2025-02-08,0.76,19,PAID,2025-02-08,HISTORICAL
RCV00227,CUST011,COMP001,6971468.91,2025-09-06,2025-10-06,0.88,34,PAID,2025-10-03,HISTORICAL
RCV00228,CUST017,COMP001,46413843.12,2025-10-01,2025-11-15,0.84,0,PAID,2025-11-12,HISTORICAL
RCV00229,CUST020,COMP001,34452020.43,2025-11-25,2026-01-24,0.45,28,PENDING,,HISTORICAL
RCV00230,CUST020,COMP001,14792069.45,2025-02-21,2025-04-22,0.53,0,PAID,2025-04-19,HISTORICAL
RCV00231,CUST019,COMP001,36264949.78,2025-05-09,2025-06-23,0.37,0,OVERDUE,,HISTORICAL
RCV00232,CUST010,COMP001,37375061.8,2025-02-26,2025-04-27,0.51,0,PAID,2025-04-24,HISTORICAL
RCV00233,CUST022,COMP001,56602885.87,2025-07-27,2025-08-26,1.0,0,PAID,2025-08-24,HISTORICAL
RCV00234,CUST023,COMP001,65877028.78,2025-06-01,2025-07-01,0.9,0,PAID,2025-06-28,HISTORICAL
RCV00235,CUST011,COMP001,14389118.31,2025-05-07,2025-06-06,0.87,0,PAID,2025-06-04,HISTORICAL
RCV00236,CUST020,COMP001,51356220.94,2025-02-11,2025-04-12,0.49,0,PAID,2025-04-09,HISTORICAL
RCV00237,CUST001,COMP001,56958808.64,2025-11-30,2025-12-15,0.89,0,PAID,2025-12-13,HISTORICAL
RCV00238,CUST014,COMP001,75237412.83,2025-11-13,2025-12-13,0.77,0,PAID,2025-12-11,HISTORICAL
RCV00239,CUST017,COMP001,23982856.33,2025-09-21,2025-11-05,0.79,0,PAID,2025-11-05,HISTORICAL
RCV00240,CUST013,COMP001,66705213.46,2025-04-17,2025-05-17,0.95,0,PAID,2025-05-17,HISTORICAL
RCV00241,CUST018,COMP001,31686678.94,2025-02-05,2025-03-22,0.72,1,PAID,2025-03-21,HISTORICAL
RCV00242,CUST017,COMP001,42608007.7,2025-06-10,2025-07-25,0.81,0,PAID,2025-07-24,HISTORICAL
RCV00243,CUST004,COMP001,69783783.78,2025-06-01,2025-07-16,0.67,0,OVERDUE,,HISTORICAL
RCV00244,CUST023,COMP001,63647399.98,2025-12-14,2026-01-13,0.87,0,PENDING,,HISTORICAL
RCV00245,CUST010,COMP001,20659185.24,2025-09-23,2025-11-22,0.48,0,PAID,2025-11-20,HISTORICAL
RCV00246,CUST006,COMP001,54165519.76,2025-09-22,2025-11-06,0.58,0,PAID,2025-11-04,HISTORICAL
RCV00247,CUST012,COMP001,39469573.86,2025-09-04,2025-09-19,0.9,0,PAID,2025-09-19,HISTORICAL
RCV00248,CUST015,COMP001,3316266.94,2025-12-07,2026-01-06,0.78,0,PENDING,,HISTORICAL
RCV00249,CUST003,COMP001,26018293.35,2025-09-29,2025-10-14,0.86,0,PAID,2025-10-11,HISTORICAL
RCV00250,CUST016,COMP001,17927945.51,2025-08-30,2025-10-14,0.69,0,OVERDUE,,HISTORICAL
RCV00251,CUST002,COMP001,23484744.54,2025-04-06,2025-05-06,0.84,33,PAID,2025-05-03,HISTORICAL
RCV00252,CUST015,COMP001,20821176.03,2025-12-07,2026-01-06,0.8,24,PENDING,,HISTORICAL
RCV00253,CUST015,COMP001,32787272.34,2025-02-08,2025-03-10,0.81,0,PAID,2025-03-10,HISTORICAL
RCV00254,CUST010,COMP001,59358879.7,2025-03-22,2025-05-21,0.52,3,PAID,2025-05-21,HISTORICAL
RCV00255,CUST001,COMP001,41961522.26,2025-02-05,2025-02-20,0.9,0,PAID,2025-02-18,HISTORICAL
RCV00256,CUST022,COMP001,69601809.14,2025-05-07,2025-06-06,1.0,0,PAID,2025-06-05,HISTORICAL
RCV00257,CUST023,COMP001,18570985.9,2025-09-06,2025-10-06,0.84,0,PAID,2025-10-05,HISTORICAL
RCV00258,CUST007,COMP001,38293128.54,2025-05-30,2025-07-14,0.6,31,PAID,2025-07-14,HISTORICAL
RCV00259,CUST012,COMP001,6695164.57,2025-02-02,2025-02-17,0.91,0,PAID,2025-02-15,HISTORICAL
RCV00260,CUST010,COMP001,29185131.8,2025-07-16,2025-09-14,0.58,26,OVERDUE,,HISTORICAL
RCV00261,CUST008,COMP001,49749743.14,2025-02-10,2025-03-12,0.74,15,PAID,2025-04-04,HISTORICAL
RCV00262,CUST021,COMP001,39838682.04,2025-01-04,2025-01-19,0.85,0,PAID,2025-01-18,HISTORICAL
RCV00263,CUST007,COMP001,31042802.7,2025-03-30,2025-05-14,0.62,28,PAID,2025-05-11,HISTORICAL
RCV00264,CUST003,COMP001,6999389.94,2025-08-04,2025-08-19,0.92,0,PAID,2025-08-19,HISTORICAL
RCV00265,CUST007,COMP001,39175776.24,2025-01-19,2025-03-05,0.61,18,PAID,2025-03-02,HISTORICAL
RCV00266,CUST013,COMP001,9996071.33,2025-08-17,2025-09-16,0.89,0,PAID,2025-09-16,HISTORICAL
RCV00267,CUST007,COMP001,6696688.22,2025-02-09,2025-03-26,0.61,6,PAID,2025-03-26,HISTORICAL
RCV00268,CUST011,COMP001,76790203.54,2025-08-26,2025-09-25,0.86,0,PAID,2025-10-04,HISTORICAL
RCV00269,CUST022,COMP001,49607607.1,2025-02-06,2025-03-08,0.94,0,PAID,2025-03-05,HISTORICAL
RCV00270,CUST017,COMP001,12920381.77,2025-09-10,2025-10-25,0.85,0,PAID,2025-10-23,HISTORICAL
RCV00271,CUST021,COMP001,67828081.12,2025-03-14,2025-03-29,0.87,0,PAID,2025-03-29,HISTORICAL
RCV00272,CUST025,COMP001,64015763.59,2025-09-10,2025-10-25,0.59,0,PAID,2025-10-25,HISTORICAL
RCV00273,CUST008,COMP001,57082629.06,2025-06-01,2025-07-01,0.66,0,PAID,2025-06-30,HISTORICAL
RCV00274,CUST016,COMP001,45869919.57,2025-06-07,2025-07-22,0.73,0,PAID,2025-07-19,HISTORICAL
RCV00275,CUST012,COMP001,22880783.63,2025-02-16,2025-03-03,0.95,0,PAID,2025-03-09,HISTORICAL
RCV00276,CUST016,COMP001,45868029.63,2025-08-10,2025-09-24,0.66,0,PAID,2025-09-24,HISTORICAL
RCV00277,CUST001,COMP001,15354392.79,2025-04-24,2025-05-09,0.86,0,PAID,2025-05-08,HISTORICAL
RCV00278,CUST010,COMP001,45204359.37,2025-07-26,2025-09-24,0.56,0,OVERDUE,,HISTORICAL
RCV00279,CUST013,COMP001,63188798.97,2025-07-25,2025-08-24,0.96,0,PAID,2025-08-23,HISTORICAL
RCV00280,CUST011,COMP001,42663093.93,2025-07-07,2025-08-06,0.86,0,PAID,2025-08-04,HISTORICAL
RCV00281,CUST016,COMP001,38765585.3,2025-10-28,2025-12-12,0.69,0,PAID,2025-12-11,HISTORICAL
RCV00282,CUST024,COMP001,68373020.11,2025-10-21,2025-12-05,0.85,0,OVERDUE,,HISTORICAL
RCV00283,CUST021,COMP001,5957010.62,2025-06-28,2025-07-13,0.87,0,OVERDUE,,HISTORICAL
RCV00284,CUST018,COMP001,13344800.16,2025-05-22,2025-07-06,0.73,12,PAID,2025-07-03,HISTORICAL
RCV00285,CUST012,COMP001,27064362.03,2025-05-20,2025-06-04,0.89,0,PAID,2025-06-02,HISTORICAL
RCV00286,CUST022,COMP001,53373358.35,2025-02-24,2025-03-26,0.92,0,PAID,2025-03-26,HISTORICAL
RCV00287,CUST004,COMP001,20270503.5,2025-01-17,2025-03-03,0.65,0,PAID,2025-03-01,HISTORICAL
RCV00288,CUST021,COMP001,29393697.79,2025-08-15,2025-08-30,0.85,0,PAID,2025-08-30,HISTORICAL
RCV00289,CUST016,COMP001,35265610.6,2025-02-28,2025-04-14,0.65,0,PAID,2025-05-06,HISTORICAL
RCV00290,CUST011,COMP001,42472425.62,2025-04-20,2025-05-20,0.83,0,PAID,2025-05-17,HISTORICAL
RCV00291,CUST022,COMP001,50826205.32,2025-07-27,2025-08-26,0.97,0,PAID,2025-08-25,HISTORICAL
RCV00292,CUST005,COMP001,5186969.42,2025-10-19,2025-11-18,0.55,0,PAID,2025-11-18,HISTORICAL
RCV00293,CUST021,COMP001,75620855.82,2025-06-05,2025-06-20,0.88,0,PAID,2025-06-18,HISTORICAL
RCV00294,CUST006,COMP001,20778670.62,2025-07-15,2025-08-29,0.65,16,PAID,2025-08-26,HISTORICAL
RCV00295,CUST011,COMP001,41650041.38,2025-08-18,2025-09-17,0.83,0,PAID,2025-09-16,HISTORICAL
RCV00296,CUST010,COMP001,66939971.58,2025-02-03,2025-04-04,0.54,0,PAID,2025-04-03,HISTORICAL
RCV00297,CUST008,COMP001,38820107.22,2025-12-16,2026-01-15,0.68,0,PENDING,,HISTORICAL
RCV00298,CUST001,COMP001,71572312.14,2025-01-11,2025-01-26,0.84,0,PAID,2025-01-24,HISTORICAL
RCV00299,CUST022,COMP001,67055526.41,2025-02-03,2025-03-05,0.94,0,PAID,2025-03-02,HISTORICAL
RCV00300,CUST025,COMP001,75451023.77,2025-03-12,2025-04-26,0.58,0,PAID,2025-04-24,HISTORICAL
RCV00301,CUST024,COMP001,25122943.82,2025-04-29,2025-06-13,0.86,0,PAID,2025-06-12,HISTORICAL
RCV00302,CUST003,COMP001,11856934.22,2025-04-26,2025-05-11,0.86,0,PAID,2025-05-09,HISTORICAL
RCV00303,CUST022,COMP001,20727435.63,2025-10-24,2025-11-23,0.97,0,PAID,2025-11-21,HISTORICAL
RCV00304,CUST007,COMP001,61180986.18,2025-09-20,2025-11-04,0.6,0,PAID,2025-11-04,HISTORICAL
RCV00305,CUST005,COMP001,2132853.37,2025-01-19,2025-02-18,0.6,0,PAID,2025-02-18,HISTORICAL
RCV00306,CUST003,COMP001,78710136.39,2025-10-17,2025-11-01,0.86,0,PAID,2025-10-30,HISTORICAL
RCV00307,CUST013,COMP001,65814219.24,2025-03-15,2025-04-14,0.87,0,PAID,2025-04-13,HISTORICAL
RCV00308,CUST023,COMP001,15207046.12,2025-04-23,2025-05-23,0.81,0,PAID,2025-05-21,HISTORICAL
RCV00309,CUST004,COMP001,35435064.88,2025-10-31,2025-12-15,0.6,0,PAID,2025-12-13,HISTORICAL
RCV00310,CUST016,COMP001,29811902.77,2025-04-20,2025-06-04,0.64,0,PAID,2025-06-01,HISTORICAL
RCV00311,CUST008,COMP001,79258967.43,2025-09-13,2025-10-13,0.67,0,OVERDUE,,HISTORICAL
RCV00312,CUST004,COMP001,67147525.96,2025-10-30,2025-12-14,0.67,0,PAID,2026-01-03,HISTORICAL
RCV00313,CUST019,COMP001,47893883.36,2025-02-24,2025-04-10,0.35,1,PAID,2025-05-01,HISTORICAL
RCV00314,CUST019,COMP001,48280589.73,2025-11-04,2025-12-19,0.42,3,PAID,2025-12-18,HISTORICAL
RCV00315,CUST010,COMP001,38307810.44,2025-12-04,2026-02-02,0.55,0,PENDING,,HISTORICAL
RCV00316,CUST004,COMP001,22957251.35,2025-01-04,2025-02-18,0.59,0,PAID,2025-02-16,HISTORICAL
RCV00317,CUST025,COMP001,6718170.36,2025-11-27,2026-01-11,0.63,0,PENDING,,HISTORICAL
RCV00318,CUST009,COMP001,75217657.69,2025-07-04,2025-09-02,0.31,3,PAID,2025-09-23,HISTORICAL
RCV00319,CUST016,COMP001,8195784.24,2025-01-20,2025-03-06,0.69,0,PAID,2025-03-04,HISTORICAL
RCV00320,CUST013,COMP001,63745698.77,2025-04-29,2025-05-29,0.93,0,PAID,2025-05-29,HISTORICAL
RCV00321,CUST009,COMP001,55080958.66,2025-05-07,2025-07-06,0.35,14,OVERDUE,,HISTORICAL
RCV00322,CUST015,COMP001,11460930.72,2025-05-24,2025-06-23,0.78,8,PAID,2025-06-20,HISTORICAL
RCV00323,CUST015,COMP001,26859338.55,2025-04-06,2025-05-06,0.81,0,OVERDUE,,HISTORICAL
RCV00324,CUST022,COMP001,10795626.05,2025-09-08,2025-10-08,0.97,0,PAID,2025-10-07,HISTORICAL
RCV00325,CUST016,COMP001,42851704.64,2025-10-22,2025-12-06,0.65,4,PAID,2025-12-23,HISTORICAL
RCV00326,CUST018,COMP001,18292027.26,2025-01-21,2025-03-07,0.74,0,PAID,2025-03-04,HISTORICAL
RCV00327,CUST002,COMP001,32446752.05,2025-05-31,2025-06-30,0.84,0,PAID,2025-06-27,HISTORICAL
RCV00328,CUST012,COMP001,4385008.92,2025-04-01,2025-04-16,0.93,0,PAID,2025-04-16,HISTORICAL
RCV00329,CUST008,COMP001,42425360.14,2025-10-10,2025-11-09,0.73,0,PAID,2025-11-06,HISTORICAL
RCV00330,CUST016,COMP001,18787653.57,2025-10-15,2025-11-29,0.66,31,OVERDUE,,HISTORICAL
RCV00331,CUST013,COMP001,48842441.79,2025-10-11,2025-11-10,0.87,0,PAID,2025-11-09,HISTORICAL
RCV00332,CUST014,COMP001,38284229.76,2025-07-08,2025-08-07,0.84,18,PAID,2025-08-04,HISTORICAL
RCV00333,CUST004,COMP001,4147402.67,2025-01-03,2025-02-17,0.65,4,PAID,2025-03-12,HISTORICAL
RCV00334,CUST004,COMP001,18217438.82,2025-08-04,2025-09-18,0.66,0,PAID,2025-09-16,HISTORICAL
RCV00335,CUST004,COMP001,55063942.08,2025-06-03,2025-07-18,0.65,0,PAID,2025-07-17,HISTORICAL
RCV00336,CUST018,COMP001,15225315.86,2025-12-11,2026-01-25,0.78,0,PENDING,,HISTORICAL
RCV00337,CUST008,COMP001,19373153.0,2025-01-31,2025-03-02,0.69,0,PAID,2025-02-27,HISTORICAL
RCV00338,CUST017,COMP001,31684885.01,2025-02-17,2025-04-03,0.76,0,PAID,2025-04-01,HISTORICAL
RCV00339,CUST006,COMP001,73217220.65,2025-01-12,2025-02-26,0.61,13,PAID,2025-03-05,HISTORICAL
RCV00340,CUST007,COMP001,71064127.47,2025-03-20,2025-05-04,0.63,0,PAID,2025-05-09,HISTORICAL
RCV00341,CUST018,COMP001,20713837.5,2025-05-07,2025-06-21,0.76,0,OVERDUE,,HISTORICAL
RCV00342,CUST008,COMP001,61865555.75,2025-03-28,2025-04-27,0.74,0,PAID,2025-04-25,HISTORICAL
RCV00343,CUST021,COMP001,37630810.09,2025-09-17,2025-10-02,0.82,0,PAID,2025-09-30,HISTORICAL
RCV00344,CUST020,COMP001,73306718.18,2025-02-01,2025-04-02,0.53,3,PAID,2025-04-02,HISTORICAL
RCV00345,CUST002,COMP001,36948767.66,2025-11-09,2025-12-09,0.9,0,PAID,2025-12-09,HISTORICAL
RCV00346,CUST021,COMP001,24890184.39,2025-03-08,2025-03-23,0.86,0,PAID,2025-03-20,HISTORICAL
RCV00347,CUST017,COMP001,73651485.1,2025-08-09,2025-09-23,0.79,20,PAID,2025-10-10,HISTORICAL
RCV00348,CUST005,COMP001,30792205.7,2025-12-15,2026-01-14,0.6,0,PENDING,,HISTORICAL
RCV00349,CUST010,COMP001,74051287.64,2025-06-07,2025-08-06,0.54,0,PAID,2025-08-20,HISTORICAL
RCV00350,CUST012,COMP001,29653005.87,2025-07-11,2025-07-26,0.94,0,PAID,2025-07-24,HISTORICAL
RCV00351,CUST024,COMP001,8853570.01,2025-06-20,2025-08-04,0.85,13,PAID,2025-08-01,HISTORICAL
RCV00352,CUST018,COMP001,79122505.89,2025-02-19,2025-04-05,0.75,0,PAID,2025-04-03,HISTORICAL
RCV00353,CUST012,COMP001,36318888.63,2025-07-24,2025-08-08,0.93,0,PAID,2025-08-05,HISTORICAL
RCV00354,CUST011,COMP001,5215974.8,2025-03-20,2025-04-19,0.87,0,OVERDUE,,HISTORICAL
RCV00355,CUST023,COMP001,62306730.82,2025-02-02,2025-03-04,0.89,0,PAID,2025-03-12,HISTORICAL
RCV00356,CUST012,COMP001,54743481.66,2025-11-16,2025-12-01,0.93,0,PAID,2025-12-01,HISTORICAL
RCV00357,CUST006,COMP001,57410486.2,2025-03-26,2025-05-10,0.63,0,PAID,2025-05-10,HISTORICAL
RCV00358,CUST019,COMP001,43932969.26,2025-10-10,2025-11-24,0.4,11,PAID,2025-12-03,HISTORICAL
REC_FUT_0365,CUST011,TATA001,31760.96,2026-08-28,2026-09-28,0.87,1,PAID,2026-09-22,FUTURE_STREAMING
REC_FUT_0366,CUST001,TATA001,243018.94,2026-08-28,2026-10-18,0.66,6,PAID,2026-10-13,FUTURE_STREAMING
REC_FUT_0367,CUST009,TATA001,42841.35,2026-08-29,2026-10-03,0.78,5,PAID,2026-10-10,FUTURE_STREAMING
REC_FUT_0368,CUST014,TATA001,168225.96,2026-08-30,2026-10-08,0.8,9,PAID,2026-09-24,FUTURE_STREAMING
REC_FUT_0369,CUST013,TATA001,268441.43,2026-08-30,2026-10-12,0.77,13,PAID,2026-10-25,FUTURE_STREAMING
REC_FUT_0370,CUST005,TATA001,229474.43,2026-08-31,2026-11-20,0.38,21,PAID,2026-11-06,FUTURE_STREAMING
REC_FUT_0371,CUST002,TATA001,149141.05,2026-09-04,2026-10-04,0.85,0,PAID,2026-09-29,FUTURE_STREAMING
REC_FUT_0372,CUST012,TATA001,93967.98,2026-09-05,2026-10-12,0.73,7,PAID,2026-10-03,FUTURE_STREAMING
REC_FUT_0373,CUST006,TATA001,240469.52,2026-09-05,2026-10-13,0.69,8,PAID,2026-10-03,FUTURE_STREAMING
REC_FUT_0374,CUST001,TATA001,40797.99,2026-09-07,2026-10-28,0.66,6,PAID,2026-10-23,FUTURE_STREAMING
REC_FUT_0375,CUST001,TATA001,154929.17,2026-09-07,2026-10-28,0.66,6,PAID,2026-10-23,FUTURE_STREAMING
REC_FUT_0376,CUST004,TATA001,52588.91,2026-09-08,2026-10-28,0.8,5,PAID,2026-10-19,FUTURE_STREAMING
REC_FUT_0377,CUST002,TATA001,90878.7,2026-09-11,2026-10-11,0.85,0,PAID,2026-10-07,FUTURE_STREAMING
REC_FUT_0378,CUST010,TATA001,226495.9,2026-09-13,2026-10-02,0.96,4,PAID,2026-09-23,FUTURE_STREAMING
REC_FUT_0379,CUST001,TATA001,200272.76,2026-09-13,2026-11-03,0.66,6,PAID,2026-11-04,FUTURE_STREAMING
REC_FUT_0380,CUST002,TATA001,133002.41,2026-09-14,2026-10-14,0.85,0,PAID,2026-10-15,FUTURE_STREAMING
REC_FUT_0381,CUST014,TATA001,179760.32,2026-09-14,2026-10-23,0.8,9,PAID,2026-10-29,FUTURE_STREAMING
REC_FUT_0382,CUST006,TATA001,292594.57,2026-09-16,2026-10-24,0.69,8,PAID,2026-10-12,FUTURE_STREAMING
REC_FUT_0383,CUST007,TATA001,84627.37,2026-09-18,2026-10-05,0.94,2,PAID,2026-10-01,FUTURE_STREAMING
REC_FUT_0384,CUST011,TATA001,79869.41,2026-09-20,2026-10-21,0.87,1,PAID,2026-10-21,FUTURE_STREAMING
REC_FUT_0385,CUST006,TATA001,59228.53,2026-09-21,2026-10-29,0.69,8,PAID,2026-10-19,FUTURE_STREAMING
REC_FUT_0386,CUST006,TATA001,190148.49,2026-09-21,2026-10-29,0.69,8,PAID,2026-10-23,FUTURE_STREAMING
REC_FUT_0387,CUST001,TATA001,54019.56,2026-09-23,2026-11-13,0.66,6,PAID,2026-11-08,FUTURE_STREAMING
REC_FUT_0388,CUST008,TATA001,63738.35,2026-09-23,2026-12-16,0.47,39,PAID,2026-11-08,FUTURE_STREAMING
REC_FUT_0389,CUST005,TATA001,128534.2,2026-09-24,2026-12-14,0.38,21,PAID,2026-11-18,FUTURE_STREAMING
REC_FUT_0390,CUST009,TATA001,322981.51,2026-09-25,2026-10-30,0.78,5,PAID,2026-10-22,FUTURE_STREAMING
REC_FUT_0391,CUST014,TATA001,93920.86,2026-09-26,2026-11-04,0.8,9,PAID,2026-11-22,FUTURE_STREAMING
REC_FUT_0392,CUST001,TATA001,549523.01,2026-09-26,2026-11-16,0.66,6,PAID,2026-11-09,FUTURE_STREAMING
REC_FUT_0393,CUST012,TATA001,68546.81,2026-09-26,2026-11-02,0.73,7,PAID,2026-10-28,FUTURE_STREAMING
REC_FUT_0394,CUST011,TATA001,154001.23,2026-09-27,2026-10-28,0.87,1,PAID,2026-10-22,FUTURE_STREAMING
REC_FUT_0395,CUST012,TATA001,69813.45,2026-09-28,2026-11-04,0.73,7,PAID,2026-10-30,FUTURE_STREAMING
REC_FUT_0396,CUST013,TATA001,75229.76,2026-09-28,2026-11-10,0.77,13,PAID,2026-10-26,FUTURE_STREAMING
REC_FUT_0397,CUST011,TATA001,160936.28,2026-09-28,2026-10-29,0.87,1,PAID,2026-10-28,FUTURE_STREAMING
REC_FUT_0398,CUST010,TATA001,96985.77,2026-09-29,2026-10-18,0.96,4,PAID,2026-10-12,FUTURE_STREAMING
REC_FUT_0399,CUST010,TATA001,47978.14,2026-10-01,2026-10-20,0.96,4,PAID,2026-10-15,FUTURE_STREAMING
REC_FUT_0400,CUST006,TATA001,190448.02,2026-10-01,2026-11-08,0.69,8,PAID,2026-11-02,FUTURE_STREAMING
REC_FUT_0401,CUST010,TATA001,227287.65,2026-10-01,2026-10-20,0.96,4,PAID,2026-10-15,FUTURE_STREAMING
REC_FUT_0402,CUST002,TATA001,74120.24,2026-10-02,2026-11-01,0.85,0,PAID,2026-10-29,FUTURE_STREAMING
REC_FUT_0403,CUST001,TATA001,125749.37,2026-10-04,2026-11-24,0.66,6,PAID,2026-11-14,FUTURE_STREAMING
REC_FUT_0404,CUST003,TATA001,322305.02,2026-10-06,2026-10-24,0.94,3,PAID,2026-10-19,FUTURE_STREAMING
REC_FUT_0405,CUST015,TATA001,383507.47,2026-10-06,2026-10-22,0.94,1,PAID,2026-10-20,FUTURE_STREAMING
REC_FUT_0406,CUST010,TATA001,71043.52,2026-10-07,2026-10-26,0.96,4,PAID,2026-10-22,FUTURE_STREAMING
REC_FUT_0407,CUST004,TATA001,83167.25,2026-10-07,2026-11-26,0.8,5,PAID,2026-11-16,FUTURE_STREAMING
REC_FUT_0408,CUST002,TATA001,137877.34,2026-10-08,2026-11-07,0.85,0,PAID,2026-11-03,FUTURE_STREAMING
REC_FUT_0409,CUST015,TATA001,96388.0,2026-10-09,2026-10-25,0.94,1,PAID,2026-10-19,FUTURE_STREAMING
REC_FUT_0410,CUST007,TATA001,62391.97,2026-10-09,2026-10-26,0.94,2,PAID,2026-10-20,FUTURE_STREAMING
REC_FUT_0411,CUST010,TATA001,41542.68,2026-10-09,2026-10-28,0.96,4,PAID,2026-10-20,FUTURE_STREAMING
REC_FUT_0412,CUST007,TATA001,65404.67,2026-10-10,2026-10-27,0.94,2,PAID,2026-10-25,FUTURE_STREAMING
REC_FUT_0413,CUST015,TATA001,106597.05,2026-10-10,2026-10-26,0.94,1,PAID,2026-10-22,FUTURE_STREAMING
REC_FUT_0414,CUST011,TATA001,383153.32,2026-10-10,2026-11-10,0.87,1,PAID,2026-11-05,FUTURE_STREAMING
REC_FUT_0415,CUST008,TATA001,75937.97,2026-10-11,2027-01-03,0.47,39,PAID,2026-11-22,FUTURE_STREAMING
REC_FUT_0416,CUST001,TATA001,639762.76,2026-10-13,2026-12-03,0.66,6,PAID,2026-12-09,FUTURE_STREAMING
REC_FUT_0417,CUST004,TATA001,49401.14,2026-10-14,2026-12-03,0.8,5,PAID,2026-11-23,FUTURE_STREAMING
REC_FUT_0418,CUST002,TATA001,150811.2,2026-10-16,2026-11-15,0.85,0,PAID,2026-11-16,FUTURE_STREAMING
REC_FUT_0419,CUST008,TATA001,164960.01,2026-10-16,2027-01-08,0.47,39,PAID,2026-11-26,FUTURE_STREAMING
REC_FUT_0420,CUST011,TATA001,155607.46,2026-10-17,2026-11-17,0.87,1,PAID,2026-11-15,FUTURE_STREAMING
REC_FUT_0421,CUST005,TATA001,230192.75,2026-10-17,2027-01-06,0.38,21,PAID,2026-12-16,FUTURE_STREAMING
REC_FUT_0422,CUST015,TATA001,247336.96,2026-10-17,2026-11-02,0.94,1,PAID,2026-10-27,FUTURE_STREAMING
REC_FUT_0423,CUST005,TATA001,287078.59,2026-10-18,2027-01-07,0.38,21,PAID,2026-12-21,FUTURE_STREAMING
REC_FUT_0424,CUST007,TATA001,60870.79,2026-10-19,2026-11-05,0.94,2,PAID,2026-11-02,FUTURE_STREAMING
REC_FUT_0425,CUST007,TATA001,154271.43,2026-10-21,2026-11-07,0.94,2,PAID,2026-11-05,FUTURE_STREAMING
REC_FUT_0426,CUST001,TATA001,93153.17,2026-10-23,2026-12-13,0.66,6,PAID,2026-12-04,FUTURE_STREAMING
REC_FUT_0427,CUST012,TATA001,109358.89,2026-10-23,2026-11-29,0.73,7,PAID,2026-11-22,FUTURE_STREAMING
REC_FUT_0428,CUST013,TATA001,116188.52,2026-10-25,2026-12-07,0.77,13,PAID,2026-11-29,FUTURE_STREAMING
REC_FUT_0429,CUST014,TATA001,171414.34,2026-10-25,2026-12-03,0.8,9,PAID,2026-11-20,FUTURE_STREAMING
REC_FUT_0430,CUST013,TATA001,87952.77,2026-10-26,2026-12-08,0.77,13,PAID,2026-11-23,FUTURE_STREAMING
REC_FUT_0431,CUST015,TATA001,127185.92,2026-10-26,2026-11-11,0.94,1,PAID,2026-11-06,FUTURE_STREAMING
REC_FUT_0432,CUST005,TATA001,329133.03,2026-10-27,2027-01-16,0.38,21,PENDING,,FUTURE_STREAMING
REC_FUT_0433,CUST012,TATA001,254304.43,2026-10-27,2026-12-03,0.73,7,PAID,2026-11-24,FUTURE_STREAMING
REC_FUT_0434,CUST010,TATA001,82185.48,2026-10-28,2026-11-16,0.96,4,PAID,2026-11-07,FUTURE_STREAMING
REC_FUT_0435,CUST014,TATA001,84620.34,2026-10-29,2026-12-07,0.8,9,PAID,2026-11-28,FUTURE_STREAMING
REC_FUT_0436,CUST010,TATA001,123284.19,2026-10-29,2026-11-17,0.96,4,PAID,2026-11-10,FUTURE_STREAMING
REC_FUT_0437,CUST011,TATA001,30731.05,2026-10-29,2026-11-29,0.87,1,PAID,2026-11-23,FUTURE_STREAMING
REC_FUT_0438,CUST005,TATA001,214381.08,2026-10-30,2027-01-19,0.38,21,PAID,2026-12-29,FUTURE_STREAMING
REC_FUT_0439,CUST013,TATA001,141064.37,2026-10-31,2026-12-13,0.77,13,PAID,2026-12-01,FUTURE_STREAMING
REC_FUT_0440,CUST007,TATA001,75503.65,2026-10-31,2026-11-17,0.94,2,PAID,2026-11-15,FUTURE_STREAMING
REC_FUT_0441,CUST015,TATA001,326396.06,2026-11-01,2026-11-17,0.94,1,PAID,2026-11-11,FUTURE_STREAMING
REC_FUT_0442,CUST004,TATA001,104190.35,2026-11-01,2026-12-21,0.8,5,PAID,2026-12-16,FUTURE_STREAMING
REC_FUT_0443,CUST014,TATA001,73965.96,2026-11-01,2026-12-10,0.8,9,PAID,2026-11-28,FUTURE_STREAMING
REC_FUT_0444,CUST002,TATA001,407098.3,2026-11-02,2026-12-02,0.85,0,PAID,2026-12-02,FUTURE_STREAMING
REC_FUT_0445,CUST013,TATA001,30000.0,2026-11-03,2026-12-16,0.77,13,PAID,2026-12-06,FUTURE_STREAMING
REC_FUT_0446,CUST007,TATA001,171792.98,2026-11-04,2026-11-21,0.94,2,PAID,2026-11-20,FUTURE_STREAMING
REC_FUT_0447,CUST004,TATA001,217752.9,2026-11-05,2026-12-25,0.8,5,PAID,2026-12-18,FUTURE_STREAMING
REC_FUT_0448,CUST004,TATA001,129399.59,2026-11-06,2026-12-26,0.8,5,PAID,2026-12-20,FUTURE_STREAMING
REC_FUT_0449,CUST009,TATA001,73507.66,2026-11-06,2026-12-11,0.78,5,PAID,2026-12-03,FUTURE_STREAMING
REC_FUT_0450,CUST012,TATA001,44524.15,2026-11-06,2026-12-13,0.73,7,PAID,2026-12-01,FUTURE_STREAMING
REC_FUT_0451,CUST010,TATA001,200931.66,2026-11-07,2026-11-26,0.96,4,PAID,2026-11-17,FUTURE_STREAMING
REC_FUT_0452,CUST011,TATA001,171981.26,2026-11-07,2026-12-08,0.87,1,PAID,2026-12-02,FUTURE_STREAMING
REC_FUT_0453,CUST001,TATA001,397379.05,2026-11-09,2026-12-30,0.66,6,PAID,2026-12-28,FUTURE_STREAMING
REC_FUT_0454,CUST013,TATA001,94410.07,2026-11-10,2026-12-23,0.77,13,PAID,2026-12-10,FUTURE_STREAMING
REC_FUT_0455,CUST012,TATA001,66329.48,2026-11-10,2026-12-17,0.73,7,PAID,2026-12-07,FUTURE_STREAMING
REC_FUT_0456,CUST011,TATA001,68296.6,2026-11-10,2026-12-11,0.87,1,PAID,2026-12-07,FUTURE_STREAMING
REC_FUT_0457,CUST015,TATA001,114914.58,2026-11-11,2026-11-27,0.94,1,PAID,2026-11-21,FUTURE_STREAMING
REC_FUT_0458,CUST014,TATA001,85812.24,2026-11-12,2026-12-21,0.8,9,PAID,2026-12-10,FUTURE_STREAMING
REC_FUT_0459,CUST015,TATA001,155414.54,2026-11-12,2026-11-28,0.94,1,PAID,2026-11-26,FUTURE_STREAMING
REC_FUT_0460,CUST011,TATA001,106911.06,2026-11-12,2026-12-13,0.87,1,PAID,2026-12-11,FUTURE_STREAMING
REC_FUT_0461,CUST008,TATA001,179046.51,2026-11-15,2027-02-07,0.47,39,PENDING,,FUTURE_STREAMING
REC_FUT_0462,CUST005,TATA001,180914.18,2026-11-16,2027-02-05,0.38,21,PENDING,,FUTURE_STREAMING
REC_FUT_0463,CUST008,TATA001,276621.87,2026-11-17,2027-02-09,0.47,39,PAID,2026-12-31,FUTURE_STREAMING
REC_FUT_0464,CUST001,TATA001,298965.08,2026-11-20,2027-01-10,0.66,6,PENDING,,FUTURE_STREAMING
REC_FUT_0465,CUST015,TATA001,64203.97,2026-11-21,2026-12-07,0.94,1,PAID,2026-12-02,FUTURE_STREAMING
REC_FUT_0466,CUST011,TATA001,42159.28,2026-11-21,2026-12-22,0.87,1,PAID,2026-12-18,FUTURE_STREAMING
REC_FUT_0467,CUST009,TATA001,87442.04,2026-11-23,2026-12-28,0.78,5,PAID,2026-12-22,FUTURE_STREAMING
REC_FUT_0468,CUST008,TATA001,108012.01,2026-11-24,2027-02-16,0.47,39,PENDING,,FUTURE_STREAMING
REC_FUT_0469,CUST014,TATA001,35811.23,2026-11-25,2027-01-03,0.8,9,PAID,2026-12-22,FUTURE_STREAMING
REC_FUT_0470,CUST001,TATA001,69966.82,2026-11-26,2027-01-16,0.66,6,PENDING,,FUTURE_STREAMING
REC_FUT_0471,CUST008,TATA001,219043.71,2026-11-26,2027-02-18,0.47,39,PENDING,,FUTURE_STREAMING
REC_FUT_0472,CUST014,TATA001,189105.46,2026-11-28,2027-01-06,0.8,9,PAID,2026-12-28,FUTURE_STREAMING
REC_FUT_0473,CUST008,TATA001,55443.33,2026-11-30,2027-02-22,0.47,39,PENDING,,FUTURE_STREAMING
REC_FUT_0474,CUST009,TATA001,105514.33,2026-11-30,2027-01-04,0.78,5,PAID,2026-12-28,FUTURE_STREAMING
REC_FUT_0475,CUST007,TATA001,108823.03,2026-12-01,2026-12-18,0.94,2,PAID,2026-12-14,FUTURE_STREAMING
REC_FUT_0476,CUST009,TATA001,201622.74,2026-12-03,2027-01-07,0.78,5,PENDING,,FUTURE_STREAMING
REC_FUT_0477,CUST007,TATA001,59075.82,2026-12-03,2026-12-20,0.94,2,PAID,2026-12-20,FUTURE_STREAMING
REC_FUT_0478,CUST012,TATA001,89610.68,2026-12-04,2027-01-10,0.73,7,PENDING,,FUTURE_STREAMING
REC_FUT_0479,CUST001,TATA001,168774.18,2026-12-05,2027-01-25,0.66,6,PENDING,,FUTURE_STREAMING
REC_FUT_0480,CUST003,TATA001,79898.45,2026-12-06,2026-12-24,0.94,3,PAID,2026-12-21,FUTURE_STREAMING
REC_FUT_0481,CUST013,TATA001,132303.97,2026-12-06,2027-01-18,0.77,13,PENDING,,FUTURE_STREAMING
REC_FUT_0482,CUST013,TATA001,140161.14,2026-12-08,2027-01-20,0.77,13,PENDING,,FUTURE_STREAMING
REC_FUT_0483,CUST013,TATA001,170181.41,2026-12-09,2027-01-21,0.77,13,PENDING,,FUTURE_STREAMING
REC_FUT_0484,CUST013,TATA001,118204.72,2026-12-11,2027-01-23,0.77,13,PENDING,,FUTURE_STREAMING
REC_FUT_0485,CUST008,TATA001,212161.24,2026-12-11,2027-03-05,0.47,39,PENDING,,FUTURE_STREAMING
REC_FUT_0486,CUST009,TATA001,52992.02,2026-12-12,2027-01-16,0.78,5,PENDING,,FUTURE_STREAMING
REC_FUT_0487,CUST013,TATA001,75319.27,2026-12-12,2027-01-24,0.77,13,PENDING,,FUTURE_STREAMING
REC_FUT_0488,CUST012,TATA001,240512.44,2026-12-14,2027-01-20,0.73,7,PENDING,,FUTURE_STREAMING
REC_FUT_0489,CUST001,TATA001,869355.36,2026-12-14,2027-02-03,0.66,6,PENDING,,FUTURE_STREAMING
REC_FUT_0490,CUST005,TATA001,101962.44,2026-12-14,2027-03-05,0.38,21,PENDING,,FUTURE_STREAMING
REC_FUT_0491,CUST015,TATA001,49539.27,2026-12-15,2026-12-31,0.94,1,PAID,2026-12-26,FUTURE_STREAMING
REC_FUT_0492,CUST011,TATA001,126515.04,2026-12-16,2027-01-16,0.87,1,PENDING,,FUTURE_STREAMING
REC_FUT_0493,CUST005,TATA001,234153.53,2026-12-16,2027-03-07,0.38,21,PENDING,,FUTURE_STREAMING
REC_FUT_0494,CUST013,TATA001,328335.34,2026-12-18,2027-01-30,0.77,13,PENDING,,FUTURE_STREAMING
REC_FUT_0495,CUST006,TATA001,39141.46,2026-12-20,2027-01-27,0.69,8,PENDING,,FUTURE_STREAMING
REC_FUT_0496,CUST009,TATA001,127658.79,2026-12-21,2027-01-25,0.78,5,PENDING,,FUTURE_STREAMING
REC_FUT_0497,CUST014,TATA001,227059.83,2026-12-21,2027-01-29,0.8,9,PENDING,,FUTURE_STREAMING
REC_FUT_0498,CUST008,TATA001,354601.32,2026-12-22,2027-03-16,0.47,39,PENDING,,FUTURE_STREAMING
REC_FUT_0499,CUST010,TATA001,79124.75,2026-12-22,2027-01-10,0.96,4,PENDING,,FUTURE_STREAMING
REC_FUT_0500,CUST013,TATA001,96679.91,2026-12-23,2027-02-04,0.77,13,PENDING,,FUTURE_STREAMING
REC_FUT_0501,CUST005,TATA001,202513.53,2026-12-24,2027-03-15,0.38,21,PENDING,,FUTURE_STREAMING
REC_FUT_0502,CUST001,TATA001,158419.51,2026-12-25,2027-02-14,0.66,6,PENDING,,FUTURE_STREAMING
REC_FUT_0503,CUST002,TATA001,45357.65,2026-12-26,2027-01-25,0.85,0,PENDING,,FUTURE_STREAMING
REC_FUT_0504,CUST002,TATA001,136852.65,2026-12-28,2027-01-27,0.85,0,PENDING,,FUTURE_STREAMING
REC_FUT_0505,CUST002,TATA001,105314.25,2026-12-29,2027-01-28,0.85,0,PENDING,,FUTURE_STREAMING
REC_FUT_0506,CUST001,TATA001,97761.75,2026-12-29,2027-02-18,0.66,6,PENDING,,FUTURE_STREAMING
REC_FUT_0507,CUST002,TATA001,229505.22,2026-12-31,2027-01-30,0.85,0,PENDING,,FUTURE_STREAMING
