date,company_id,cash_account_id,opening_balance,daily_inflow,daily_outflow,balance,available_balance,reserved_balance,deployable_cash,data_source
2025-01-01,COMP001,CASH001,480000000.0,14677659.15,6335202.08,488342457.07,438342457.07,50000000.0,438342457.07,HISTORICAL
2025-01-02,COMP001,CASH001,488342457.07,9933010.63,6920809.05,491354658.65,441354658.65,50000000.0,441354658.65,HISTORICAL
2025-01-03,COMP001,CASH001,491354658.65,20072575.37,8008116.96,503419117.06,453419117.06,50000000.0,453419117.06,HISTORICAL
2025-01-04,COMP001,CASH001,503419117.06,2733656.0,611918.73,505540854.33,455540854.33,50000000.0,455540854.33,HISTORICAL
2025-01-05,COMP001,CASH001,505540854.33,1400325.88,1094509.47,505846670.74,455846670.74,50000000.0,455846670.74,HISTORICAL
2025-01-06,COMP001,CASH001,505846670.74,15844889.37,6108985.69,515582574.42,465582574.42,50000000.0,465582574.42,HISTORICAL
2025-01-07,COMP001,CASH001,515582574.42,20461371.58,4017356.71,532026589.29,482026589.29,50000000.0,482026589.29,HISTORICAL
2025-01-08,COMP001,CASH001,532026589.29,19266747.48,4157276.18,547136060.59,497136060.59,50000000.0,497136060.59,HISTORICAL
2025-01-09,COMP001,CASH001,547136060.59,16877313.81,8189898.79,555823475.61,505823475.61,50000000.0,505823475.61,HISTORICAL
2025-01-10,COMP001,CASH001,555823475.61,24308525.73,7209882.58,572922118.76,522922118.76,50000000.0,522922118.76,HISTORICAL
2025-01-11,COMP001,CASH001,572922118.76,3544813.15,1136133.97,575330797.94,525330797.94,50000000.0,525330797.94,HISTORICAL
2025-01-12,COMP001,CASH001,575330797.94,1204410.31,1101199.78,575434008.47,525434008.47,50000000.0,525434008.47,HISTORICAL
2025-01-13,COMP001,CASH001,575434008.47,18420810.84,6052614.75,587802204.56,537802204.56,50000000.0,537802204.56,HISTORICAL
2025-01-14,COMP001,CASH001,587802204.56,25028520.56,6076985.82,606753739.3,556753739.3,50000000.0,556753739.3,HISTORICAL
2025-01-15,COMP001,CASH001,606753739.3,13146837.8,5080130.31,614820446.79,564820446.79,50000000.0,564820446.79,HISTORICAL
2025-01-16,COMP001,CASH001,614820446.79,15323931.83,3091713.65,627052664.97,577052664.97,50000000.0,577052664.97,HISTORICAL
2025-01-17,COMP001,CASH001,627052664.97,24892988.65,7700446.63,644245206.99,594245206.99,50000000.0,594245206.99,HISTORICAL
2025-01-18,COMP001,CASH001,644245206.99,43099471.17,1920605.43,685424072.73,635424072.73,50000000.0,635424072.73,HISTORICAL
2025-01-19,COMP001,CASH001,685424072.73,3747510.29,693618.65,688477964.37,638477964.37,50000000.0,638477964.37,HISTORICAL
2025-01-20,COMP001,CASH001,688477964.37,13056662.5,9426309.86,692108317.01,642108317.01,50000000.0,642108317.01,HISTORICAL
2025-01-21,COMP001,CASH001,692108317.01,23998733.76,5764781.25,710342269.52,660342269.52,50000000.0,660342269.52,HISTORICAL
2025-01-22,COMP001,CASH001,710342269.52,16939534.16,6587261.09,720694542.59,670694542.59,50000000.0,670694542.59,HISTORICAL
2025-01-23,COMP001,CASH001,720694542.59,10583714.7,6061609.69,725216647.6,675216647.6,50000000.0,675216647.6,HISTORICAL
2025-01-24,COMP001,CASH001,725216647.6,94196094.33,8974671.85,810438070.08,760438070.08,50000000.0,760438070.08,HISTORICAL
2025-01-25,COMP001,CASH001,810438070.08,1770617.28,1090536.32,811118151.04,761118151.04,50000000.0,761118151.04,HISTORICAL
2025-01-26,COMP001,CASH001,811118151.04,2235351.39,1733547.63,811619954.8,761619954.8,50000000.0,761619954.8,HISTORICAL
2025-01-27,COMP001,CASH001,811619954.8,18578174.29,7760876.89,822437252.2,772437252.2,50000000.0,772437252.2,HISTORICAL
2025-01-28,COMP001,CASH001,822437252.2,18561777.64,25410241.26,815588788.58,765588788.58,50000000.0,765588788.58,HISTORICAL
2025-01-29,COMP001,CASH001,815588788.58,13165799.13,67715875.31,761038712.4,711038712.4,50000000.0,711038712.4,HISTORICAL
2025-01-30,COMP001,CASH001,761038712.4,8512031.03,13651846.88,755898896.55,705898896.55,50000000.0,705898896.55,HISTORICAL
2025-01-31,COMP001,CASH001,755898896.55,16404715.07,4489932.0,767813679.62,717813679.62,50000000.0,717813679.62,HISTORICAL
2025-02-01,COMP001,CASH001,767813679.62,37124398.65,1678377.08,803259701.19,753259701.19,50000000.0,753259701.19,HISTORICAL
2025-02-02,COMP001,CASH001,803259701.19,2319686.66,24504978.42,781074409.43,731074409.43,50000000.0,731074409.43,HISTORICAL
2025-02-03,COMP001,CASH001,781074409.43,104160917.83,4068721.7,881166605.56,831166605.56,50000000.0,831166605.56,HISTORICAL
2025-02-04,COMP001,CASH001,881166605.56,19800878.22,4773556.82,896193926.96,846193926.96,50000000.0,846193926.96,HISTORICAL
2025-02-05,COMP001,CASH001,896193926.96,18279249.5,4708381.89,909764794.57,859764794.57,50000000.0,859764794.57,HISTORICAL
2025-02-06,COMP001,CASH001,909764794.57,10091333.19,16494284.39,903361843.37,853361843.37,50000000.0,853361843.37,HISTORICAL
2025-02-07,COMP001,CASH001,903361843.37,18490951.17,4347703.03,917505091.51,867505091.51,50000000.0,867505091.51,HISTORICAL
2025-02-08,COMP001,CASH001,917505091.51,52051783.09,1905446.0,967651428.6,917651428.6,50000000.0,917651428.6,HISTORICAL
2025-02-09,COMP001,CASH001,967651428.6,3365938.83,21681550.0,949335817.43,899335817.43,50000000.0,899335817.43,HISTORICAL
2025-02-10,COMP001,CASH001,949335817.43,9073123.41,5347195.4,953061745.44,903061745.44,50000000.0,903061745.44,HISTORICAL
2025-02-11,COMP001,CASH001,953061745.44,60298611.64,63556542.95,949803814.13,899803814.13,50000000.0,899803814.13,HISTORICAL
2025-02-12,COMP001,CASH001,949803814.13,20617024.26,36204494.07,934216344.32,884216344.32,50000000.0,884216344.32,HISTORICAL
2025-02-13,COMP001,CASH001,934216344.32,16297628.46,7172598.2,943341374.58,893341374.58,50000000.0,893341374.58,HISTORICAL
2025-02-14,COMP001,CASH001,943341374.58,46469984.02,50056230.47,939755128.13,889755128.13,50000000.0,889755128.13,HISTORICAL
2025-02-15,COMP001,CASH001,939755128.13,48681041.13,6650577.03,981785592.23,931785592.23,50000000.0,931785592.23,HISTORICAL
2025-02-16,COMP001,CASH001,981785592.23,42267568.36,1092648.84,1022960511.75,972960511.75,50000000.0,972960511.75,HISTORICAL
2025-02-17,COMP001,CASH001,1022960511.75,16424221.14,7415509.75,1031969223.14,981969223.14,50000000.0,981969223.14,HISTORICAL
2025-02-18,COMP001,CASH001,1031969223.14,122117880.28,9401627.08,1144685476.34,1094685476.34,50000000.0,1094685476.34,HISTORICAL
2025-02-19,COMP001,CASH001,1144685476.34,21765093.57,9233297.3,1157217272.61,1107217272.61,50000000.0,1107217272.61,HISTORICAL
2025-02-20,COMP001,CASH001,1157217272.61,25318456.88,63100154.88,1119435574.61,1069435574.61,50000000.0,1069435574.61,HISTORICAL
2025-02-21,COMP001,CASH001,1119435574.61,24103693.44,24322745.96,1119216522.09,1069216522.09,50000000.0,1069216522.09,HISTORICAL
2025-02-22,COMP001,CASH001,1119216522.09,3655548.88,20909008.54,1101963062.43,1051963062.43,50000000.0,1051963062.43,HISTORICAL
2025-02-23,COMP001,CASH001,1101963062.43,3388457.04,1515691.55,1103835827.92,1053835827.92,50000000.0,1053835827.92,HISTORICAL
2025-02-24,COMP001,CASH001,1103835827.92,14452260.91,9017008.98,1109271079.85,1059271079.85,50000000.0,1059271079.85,HISTORICAL
2025-02-25,COMP001,CASH001,1109271079.85,25995506.71,7027072.18,1128239514.38,1078239514.38,50000000.0,1078239514.38,HISTORICAL
2025-02-26,COMP001,CASH001,1128239514.38,11095893.41,4069771.47,1135265636.32,1085265636.32,50000000.0,1085265636.32,HISTORICAL
2025-02-27,COMP001,CASH001,1135265636.32,34370064.2,36380420.93,1133255279.59,1083255279.59,50000000.0,1083255279.59,HISTORICAL
2025-02-28,COMP001,CASH001,1133255279.59,21448712.64,10505926.62,1144198065.61,1094198065.61,50000000.0,1094198065.61,HISTORICAL
2025-03-01,COMP001,CASH001,1144198065.61,23432587.61,22279226.23,1145351426.99,1095351426.99,50000000.0,1095351426.99,HISTORICAL
2025-03-02,COMP001,CASH001,1145351426.99,108146628.28,54956515.97,1198541539.3,1148541539.3,50000000.0,1148541539.3,HISTORICAL
2025-03-03,COMP001,CASH001,1198541539.3,15326107.14,63752749.04,1150114897.4,1100114897.4,50000000.0,1100114897.4,HISTORICAL
2025-03-04,COMP001,CASH001,1150114897.4,80770388.81,4131512.55,1226753773.66,1176753773.66,50000000.0,1176753773.66,HISTORICAL
2025-03-05,COMP001,CASH001,1226753773.66,137857526.86,4666388.43,1359944912.09,1309944912.09,50000000.0,1309944912.09,HISTORICAL
2025-03-06,COMP001,CASH001,1359944912.09,11476891.34,44162680.68,1327259122.75,1277259122.75,50000000.0,1277259122.75,HISTORICAL
2025-03-07,COMP001,CASH001,1327259122.75,46472533.76,42267101.79,1331464554.72,1281464554.72,50000000.0,1281464554.72,HISTORICAL
2025-03-08,COMP001,CASH001,1331464554.72,2199192.18,16534763.16,1317128983.74,1267128983.74,50000000.0,1267128983.74,HISTORICAL
2025-03-09,COMP001,CASH001,1317128983.74,25432084.59,125578543.94,1216982524.39,1166982524.39,50000000.0,1166982524.39,HISTORICAL
2025-03-10,COMP001,CASH001,1216982524.39,47212120.8,37574182.87,1226620462.32,1176620462.32,50000000.0,1176620462.32,HISTORICAL
2025-03-11,COMP001,CASH001,1226620462.32,79482586.44,8273884.64,1297829164.12,1247829164.12,50000000.0,1247829164.12,HISTORICAL
2025-03-12,COMP001,CASH001,1297829164.12,89194377.16,9177328.4,1377846212.88,1327846212.88,50000000.0,1327846212.88,HISTORICAL
2025-03-13,COMP001,CASH001,1377846212.88,65559141.59,4896517.34,1438508837.13,1388508837.13,50000000.0,1388508837.13,HISTORICAL
2025-03-14,COMP001,CASH001,1438508837.13,58642299.03,58986351.23,1438164784.93,1388164784.93,50000000.0,1388164784.93,HISTORICAL
2025-03-15,COMP001,CASH001,1438164784.93,14157135.14,89387310.65,1362934609.42,1312934609.42,50000000.0,1312934609.42,HISTORICAL
2025-03-16,COMP001,CASH001,1362934609.42,27622373.72,44359938.94,1346197044.2,1296197044.2,50000000.0,1296197044.2,HISTORICAL
2025-03-17,COMP001,CASH001,1346197044.2,110553783.42,6778283.82,1449972543.8,1399972543.8,50000000.0,1399972543.8,HISTORICAL
2025-03-18,COMP001,CASH001,1449972543.8,102773066.37,64095774.95,1488649835.22,1438649835.22,50000000.0,1438649835.22,HISTORICAL
2025-03-19,COMP001,CASH001,1488649835.22,13951530.56,16406254.64,1486195111.14,1436195111.14,50000000.0,1436195111.14,HISTORICAL
2025-03-20,COMP001,CASH001,1486195111.14,39605225.81,5470563.36,1520329773.59,1470329773.59,50000000.0,1470329773.59,HISTORICAL
2025-03-21,COMP001,CASH001,1520329773.59,49713949.74,7394268.0,1562649455.33,1512649455.33,50000000.0,1512649455.33,HISTORICAL
2025-03-22,COMP001,CASH001,1562649455.33,1930792.21,38498102.95,1526082144.59,1476082144.59,50000000.0,1476082144.59,HISTORICAL
2025-03-23,COMP001,CASH001,1526082144.59,59090987.78,13291991.36,1571881141.01,1521881141.01,50000000.0,1521881141.01,HISTORICAL
2025-03-24,COMP001,CASH001,1571881141.01,71809872.6,51591616.99,1592099396.62,1542099396.62,50000000.0,1542099396.62,HISTORICAL
2025-03-25,COMP001,CASH001,1592099396.62,91943150.78,67809303.93,1616233243.47,1566233243.47,50000000.0,1566233243.47,HISTORICAL
2025-03-26,COMP001,CASH001,1616233243.47,132903409.25,50556002.06,1698580650.66,1648580650.66,50000000.0,1648580650.66,HISTORICAL
2025-03-27,COMP001,CASH001,1698580650.66,89126981.16,48447277.41,1739260354.41,1689260354.41,50000000.0,1689260354.41,HISTORICAL
2025-03-28,COMP001,CASH001,1739260354.41,26101703.53,5414206.72,1759947851.22,1709947851.22,50000000.0,1709947851.22,HISTORICAL
2025-03-29,COMP001,CASH001,1759947851.22,118270232.84,1428313.84,1876789770.22,1826789770.22,50000000.0,1826789770.22,HISTORICAL
2025-03-30,COMP001,CASH001,1876789770.22,66401487.54,1755361.19,1941435896.57,1891435896.57,50000000.0,1891435896.57,HISTORICAL
2025-03-31,COMP001,CASH001,1941435896.57,46734836.16,52374400.08,1935796332.65,1885796332.65,50000000.0,1885796332.65,HISTORICAL
2025-04-01,COMP001,CASH001,1935796332.65,47043812.75,17443310.24,1965396835.16,1915396835.16,50000000.0,1915396835.16,HISTORICAL
2025-04-02,COMP001,CASH001,1965396835.16,84143654.68,4091094.58,2045449395.26,1995449395.26,50000000.0,1995449395.26,HISTORICAL
2025-04-03,COMP001,CASH001,2045449395.26,201676407.08,4895788.19,2242230014.15,2192230014.15,50000000.0,2192230014.15,HISTORICAL
2025-04-04,COMP001,CASH001,2242230014.15,110117926.98,6355151.82,2345992789.31,2295992789.31,50000000.0,2295992789.31,HISTORICAL
2025-04-05,COMP001,CASH001,2345992789.31,1969984.04,55338140.12,2292624633.23,2242624633.23,50000000.0,2242624633.23,HISTORICAL
2025-04-06,COMP001,CASH001,2292624633.23,2460775.05,36389472.17,2258695936.11,2208695936.11,50000000.0,2208695936.11,HISTORICAL
2025-04-07,COMP001,CASH001,2258695936.11,35129528.66,4071510.52,2289753954.25,2239753954.25,50000000.0,2239753954.25,HISTORICAL
2025-04-08,COMP001,CASH001,2289753954.25,18298567.31,54549179.38,2253503342.18,2203503342.18,50000000.0,2203503342.18,HISTORICAL
2025-04-09,COMP001,CASH001,2253503342.18,66055465.12,100467509.11,2219091298.19,2169091298.19,50000000.0,2169091298.19,HISTORICAL
2025-04-10,COMP001,CASH001,2219091298.19,13841178.42,5545142.16,2227387334.45,2177387334.45,50000000.0,2177387334.45,HISTORICAL
2025-04-11,COMP001,CASH001,2227387334.45,23676383.96,15480189.3,2235583529.11,2185583529.11,50000000.0,2185583529.11,HISTORICAL
2025-04-12,COMP001,CASH001,2235583529.11,63591716.04,1261696.99,2297913548.16,2247913548.16,50000000.0,2247913548.16,HISTORICAL
2025-04-13,COMP001,CASH001,2297913548.16,79988485.97,36718078.09,2341183956.04,2291183956.04,50000000.0,2291183956.04,HISTORICAL
2025-04-14,COMP001,CASH001,2341183956.04,10108186.73,4632300.11,2346659842.66,2296659842.66,50000000.0,2296659842.66,HISTORICAL
2025-04-15,COMP001,CASH001,2346659842.66,30785473.46,52498995.54,2324946320.58,2274946320.58,50000000.0,2274946320.58,HISTORICAL
2025-04-16,COMP001,CASH001,2324946320.58,22028890.1,20673620.75,2326301589.93,2276301589.93,50000000.0,2276301589.93,HISTORICAL
2025-04-17,COMP001,CASH001,2326301589.93,8607575.32,80146308.35,2254762856.9,2204762856.9,50000000.0,2204762856.9,HISTORICAL
2025-04-18,COMP001,CASH001,2254762856.9,74346534.46,46271330.86,2282838060.5,2232838060.5,50000000.0,2232838060.5,HISTORICAL
2025-04-19,COMP001,CASH001,2282838060.5,78453753.22,1534596.92,2359757216.8,2309757216.8,50000000.0,2309757216.8,HISTORICAL
2025-04-20,COMP001,CASH001,2359757216.8,1361204.91,63355232.8,2297763188.91,2247763188.91,50000000.0,2247763188.91,HISTORICAL
2025-04-21,COMP001,CASH001,2297763188.91,41181094.46,3796221.99,2335148061.38,2285148061.38,50000000.0,2285148061.38,HISTORICAL
2025-04-22,COMP001,CASH001,2335148061.38,95427116.16,61955538.47,2368619639.07,2318619639.07,50000000.0,2318619639.07,HISTORICAL
2025-04-23,COMP001,CASH001,2368619639.07,8540292.38,46417926.42,2330742005.03,2280742005.03,50000000.0,2280742005.03,HISTORICAL
2025-04-24,COMP001,CASH001,2330742005.03,203238033.11,7425654.95,2526554383.19,2476554383.19,50000000.0,2476554383.19,HISTORICAL
2025-04-25,COMP001,CASH001,2526554383.19,182982767.03,113361900.09,2596175250.13,2546175250.13,50000000.0,2546175250.13,HISTORICAL
2025-04-26,COMP001,CASH001,2596175250.13,1777603.96,1669159.5,2596283694.59,2546283694.59,50000000.0,2546283694.59,HISTORICAL
2025-04-27,COMP001,CASH001,2596283694.59,64821519.49,26971029.3,2634134184.78,2584134184.78,50000000.0,2584134184.78,HISTORICAL
2025-04-28,COMP001,CASH001,2634134184.78,19877138.96,25411589.19,2628599734.55,2578599734.55,50000000.0,2578599734.55,HISTORICAL
2025-04-29,COMP001,CASH001,2628599734.55,18591614.26,80786292.21,2566405056.6,2516405056.6,50000000.0,2516405056.6,HISTORICAL
2025-04-30,COMP001,CASH001,2566405056.6,68058473.77,10976088.87,2623487441.5,2573487441.5,50000000.0,2573487441.5,HISTORICAL
2025-05-01,COMP001,CASH001,2623487441.5,57772480.82,29491204.19,2651768718.13,2601768718.13,50000000.0,2601768718.13,HISTORICAL
2025-05-02,COMP001,CASH001,2651768718.13,49539721.04,68743628.48,2632564810.69,2582564810.69,50000000.0,2582564810.69,HISTORICAL
2025-05-03,COMP001,CASH001,2632564810.69,54806884.54,40639454.23,2646732241.0,2596732241.0,50000000.0,2596732241.0,HISTORICAL
2025-05-04,COMP001,CASH001,2646732241.0,76920975.53,45816209.18,2677837007.35,2627837007.35,50000000.0,2627837007.35,HISTORICAL
2025-05-05,COMP001,CASH001,2677837007.35,17046274.37,34671434.47,2660211847.25,2610211847.25,50000000.0,2610211847.25,HISTORICAL
2025-05-06,COMP001,CASH001,2660211847.25,60852441.01,12095390.39,2708968897.87,2658968897.87,50000000.0,2658968897.87,HISTORICAL
2025-05-07,COMP001,CASH001,2708968897.87,85089298.24,67179308.77,2726878887.34,2676878887.34,50000000.0,2676878887.34,HISTORICAL
2025-05-08,COMP001,CASH001,2726878887.34,71620888.17,8509917.53,2789989857.98,2739989857.98,50000000.0,2739989857.98,HISTORICAL
2025-05-09,COMP001,CASH001,2789989857.98,111495781.35,52089782.15,2849395857.18,2799395857.18,50000000.0,2799395857.18,HISTORICAL
2025-05-10,COMP001,CASH001,2849395857.18,60330594.25,121101977.31,2788624474.12,2738624474.12,50000000.0,2738624474.12,HISTORICAL
2025-05-11,COMP001,CASH001,2788624474.12,32935220.34,645897.18,2820913797.28,2770913797.28,50000000.0,2770913797.28,HISTORICAL
2025-05-12,COMP001,CASH001,2820913797.28,16573304.36,29788033.05,2807699068.59,2757699068.59,50000000.0,2757699068.59,HISTORICAL
2025-05-13,COMP001,CASH001,2807699068.59,16036169.81,12321711.22,2811413527.18,2761413527.18,50000000.0,2761413527.18,HISTORICAL
2025-05-14,COMP001,CASH001,2811413527.18,63294261.42,61719568.26,2812988220.34,2762988220.34,50000000.0,2762988220.34,HISTORICAL
2025-05-15,COMP001,CASH001,2812988220.34,64014732.77,47871529.14,2829131423.97,2779131423.97,50000000.0,2779131423.97,HISTORICAL
2025-05-16,COMP001,CASH001,2829131423.97,17217386.21,33124043.85,2813224766.33,2763224766.33,50000000.0,2763224766.33,HISTORICAL
2025-05-17,COMP001,CASH001,2813224766.33,168665731.07,1444729.51,2980445767.89,2930445767.89,50000000.0,2930445767.89,HISTORICAL
2025-05-18,COMP001,CASH001,2980445767.89,3089082.64,47283497.24,2936251353.29,2886251353.29,50000000.0,2886251353.29,HISTORICAL
2025-05-19,COMP001,CASH001,2936251353.29,16317997.48,5061377.95,2947507972.82,2897507972.82,50000000.0,2897507972.82,HISTORICAL
2025-05-20,COMP001,CASH001,2947507972.82,111050862.79,28587752.03,3029971083.58,2979971083.58,50000000.0,2979971083.58,HISTORICAL
2025-05-21,COMP001,CASH001,3029971083.58,96520685.89,10476891.63,3116014877.84,3066014877.84,50000000.0,3066014877.84,HISTORICAL
2025-05-22,COMP001,CASH001,3116014877.84,39430429.93,6415845.44,3149029462.33,3099029462.33,50000000.0,3099029462.33,HISTORICAL
2025-05-23,COMP001,CASH001,3149029462.33,116239007.27,73230765.49,3192037704.11,3142037704.11,50000000.0,3142037704.11,HISTORICAL
2025-05-24,COMP001,CASH001,3192037704.11,2938870.28,974830.48,3194001743.91,3144001743.91,50000000.0,3144001743.91,HISTORICAL
2025-05-25,COMP001,CASH001,3194001743.91,2020892.66,113834823.83,3082187812.74,3032187812.74,50000000.0,3032187812.74,HISTORICAL
2025-05-26,COMP001,CASH001,3082187812.74,19910340.83,92519988.96,3009578164.61,2959578164.61,50000000.0,2959578164.61,HISTORICAL
2025-05-27,COMP001,CASH001,3009578164.61,22494596.28,54849236.04,2977223524.85,2927223524.85,50000000.0,2927223524.85,HISTORICAL
2025-05-28,COMP001,CASH001,2977223524.85,10058756.41,16675337.96,2970606943.3,2920606943.3,50000000.0,2920606943.3,HISTORICAL
2025-05-29,COMP001,CASH001,2970606943.3,85068935.03,29312180.56,3026363697.77,2976363697.77,50000000.0,2976363697.77,HISTORICAL
2025-05-30,COMP001,CASH001,3026363697.77,65155467.25,52451901.9,3039067263.12,2989067263.12,50000000.0,2989067263.12,HISTORICAL
2025-05-31,COMP001,CASH001,3039067263.12,2684885.39,2388494.83,3039363653.68,2989363653.68,50000000.0,2989363653.68,HISTORICAL
2025-06-01,COMP001,CASH001,3039363653.68,121462709.91,179573880.32,2981252483.27,2931252483.27,50000000.0,2931252483.27,HISTORICAL
2025-06-02,COMP001,CASH001,2981252483.27,121497736.96,14764130.85,3087986089.38,3037986089.38,50000000.0,3037986089.38,HISTORICAL
2025-06-03,COMP001,CASH001,3087986089.38,65475221.89,59988500.95,3093472810.32,3043472810.32,50000000.0,3043472810.32,HISTORICAL
2025-06-04,COMP001,CASH001,3093472810.32,34905340.4,33426854.4,3094951296.32,3044951296.32,50000000.0,3044951296.32,HISTORICAL
2025-06-05,COMP001,CASH001,3094951296.32,132289671.78,101544360.48,3125696607.62,3075696607.62,50000000.0,3075696607.62,HISTORICAL
2025-06-06,COMP001,CASH001,3125696607.62,27807093.15,85431724.37,3068071976.4,3018071976.4,50000000.0,3018071976.4,HISTORICAL
2025-06-07,COMP001,CASH001,3068071976.4,18463377.21,35671590.36,3050863763.25,3000863763.25,50000000.0,3000863763.25,HISTORICAL
2025-06-08,COMP001,CASH001,3050863763.25,125203126.62,24002473.19,3152064416.68,3102064416.68,50000000.0,3102064416.68,HISTORICAL
2025-06-09,COMP001,CASH001,3152064416.68,19516680.35,73517604.26,3098063492.77,3048063492.77,50000000.0,3048063492.77,HISTORICAL
2025-06-10,COMP001,CASH001,3098063492.77,27314600.18,60582340.82,3064795752.13,3014795752.13,50000000.0,3014795752.13,HISTORICAL
2025-06-11,COMP001,CASH001,3064795752.13,77761617.14,22127001.85,3120430367.42,3070430367.42,50000000.0,3070430367.42,HISTORICAL
2025-06-12,COMP001,CASH001,3120430367.42,37435586.49,20766412.1,3137099541.81,3087099541.81,50000000.0,3087099541.81,HISTORICAL
2025-06-13,COMP001,CASH001,3137099541.81,20786690.24,5634329.15,3152251902.9,3102251902.9,50000000.0,3102251902.9,HISTORICAL
2025-06-14,COMP001,CASH001,3152251902.9,93176465.48,69696218.79,3175732149.59,3125732149.59,50000000.0,3125732149.59,HISTORICAL
2025-06-15,COMP001,CASH001,3175732149.59,248459242.45,13117488.73,3411073903.31,3361073903.31,50000000.0,3361073903.31,HISTORICAL
2025-06-16,COMP001,CASH001,3411073903.31,15705007.26,22864703.99,3403914206.58,3353914206.58,50000000.0,3353914206.58,HISTORICAL
2025-06-17,COMP001,CASH001,3403914206.58,17438775.17,8463749.12,3412889232.63,3362889232.63,50000000.0,3362889232.63,HISTORICAL
2025-06-18,COMP001,CASH001,3412889232.63,110419094.34,77097438.91,3446210888.06,3396210888.06,50000000.0,3396210888.06,HISTORICAL
2025-06-19,COMP001,CASH001,3446210888.06,89074204.96,130749533.16,3404535559.86,3354535559.86,50000000.0,3354535559.86,HISTORICAL
2025-06-20,COMP001,CASH001,3404535559.86,135743846.21,63021552.74,3477257853.33,3427257853.33,50000000.0,3427257853.33,HISTORICAL
2025-06-21,COMP001,CASH001,3477257853.33,2155419.39,1743080.47,3477670192.25,3427670192.25,50000000.0,3427670192.25,HISTORICAL
2025-06-22,COMP001,CASH001,3477670192.25,1957282.59,1578655.51,3478048819.33,3428048819.33,50000000.0,3428048819.33,HISTORICAL
2025-06-23,COMP001,CASH001,3478048819.33,19431748.71,9711235.03,3487769333.01,3437769333.01,50000000.0,3437769333.01,HISTORICAL
2025-06-24,COMP001,CASH001,3487769333.01,31396457.0,71278702.03,3447887087.98,3397887087.98,50000000.0,3397887087.98,HISTORICAL
2025-06-25,COMP001,CASH001,3447887087.98,21814108.87,153018585.54,3316682611.31,3266682611.31,50000000.0,3266682611.31,HISTORICAL
2025-06-26,COMP001,CASH001,3316682611.31,27405854.94,62059221.02,3282029245.23,3232029245.23,50000000.0,3232029245.23,HISTORICAL
2025-06-27,COMP001,CASH001,3282029245.23,199831946.78,4869667.22,3476991524.79,3426991524.79,50000000.0,3426991524.79,HISTORICAL
2025-06-28,COMP001,CASH001,3476991524.79,69488946.97,1135493.76,3545344978.0,3495344978.0,50000000.0,3495344978.0,HISTORICAL
2025-06-29,COMP001,CASH001,3545344978.0,1467575.34,1846468.53,3544966084.81,3494966084.81,50000000.0,3494966084.81,HISTORICAL
2025-06-30,COMP001,CASH001,3544966084.81,99424882.55,55682493.41,3588708473.95,3538708473.95,50000000.0,3538708473.95,HISTORICAL
2025-07-01,COMP001,CASH001,3588708473.95,19923867.69,39777183.68,3568855157.96,3518855157.96,50000000.0,3518855157.96,HISTORICAL
2025-07-02,COMP001,CASH001,3568855157.96,15857955.12,62212258.88,3522500854.2,3472500854.2,50000000.0,3472500854.2,HISTORICAL
2025-07-03,COMP001,CASH001,3522500854.2,31423577.54,9128494.1,3544795937.64,3494795937.64,50000000.0,3494795937.64,HISTORICAL
2025-07-04,COMP001,CASH001,3544795937.64,31413108.41,80578583.49,3495630462.56,3445630462.56,50000000.0,3445630462.56,HISTORICAL
2025-07-05,COMP001,CASH001,3495630462.56,54215352.51,1510441.83,3548335373.24,3498335373.24,50000000.0,3498335373.24,HISTORICAL
2025-07-06,COMP001,CASH001,3548335373.24,65203599.29,24670462.37,3588868510.16,3538868510.16,50000000.0,3538868510.16,HISTORICAL
2025-07-07,COMP001,CASH001,3588868510.16,18717276.24,39356606.64,3568229179.76,3518229179.76,50000000.0,3518229179.76,HISTORICAL
2025-07-08,COMP001,CASH001,3568229179.76,127039265.93,88046252.46,3607222193.23,3557222193.23,50000000.0,3557222193.23,HISTORICAL
2025-07-09,COMP001,CASH001,3607222193.23,8578883.59,24381647.46,3591419429.36,3541419429.36,50000000.0,3541419429.36,HISTORICAL
2025-07-10,COMP001,CASH001,3591419429.36,40175731.32,6529635.1,3625065525.58,3575065525.58,50000000.0,3575065525.58,HISTORICAL
2025-07-11,COMP001,CASH001,3625065525.58,108391271.14,5899358.58,3727557438.14,3677557438.14,50000000.0,3677557438.14,HISTORICAL
2025-07-12,COMP001,CASH001,3727557438.14,2222184.14,137589113.13,3592190509.15,3542190509.15,50000000.0,3542190509.15,HISTORICAL
2025-07-13,COMP001,CASH001,3592190509.15,27976170.27,12782015.55,3607384663.87,3557384663.87,50000000.0,3557384663.87,HISTORICAL
2025-07-14,COMP001,CASH001,3607384663.87,53969747.17,61664144.14,3599690266.9,3549690266.9,50000000.0,3549690266.9,HISTORICAL
2025-07-15,COMP001,CASH001,3599690266.9,103312147.89,9859107.11,3693143307.68,3643143307.68,50000000.0,3643143307.68,HISTORICAL
2025-07-16,COMP001,CASH001,3693143307.68,10393836.18,63523589.03,3640013554.83,3590013554.83,50000000.0,3590013554.83,HISTORICAL
2025-07-17,COMP001,CASH001,3640013554.83,133900383.78,108236786.35,3665677152.26,3615677152.26,50000000.0,3615677152.26,HISTORICAL
2025-07-18,COMP001,CASH001,3665677152.26,26923816.09,170799885.21,3521801083.14,3471801083.14,50000000.0,3471801083.14,HISTORICAL
2025-07-19,COMP001,CASH001,3521801083.14,47159658.87,732009.54,3568228732.47,3518228732.47,50000000.0,3518228732.47,HISTORICAL
2025-07-20,COMP001,CASH001,3568228732.47,43319067.88,1550891.22,3609996909.13,3559996909.13,50000000.0,3559996909.13,HISTORICAL
2025-07-21,COMP001,CASH001,3609996909.13,15456798.04,33299380.93,3592154326.24,3542154326.24,50000000.0,3542154326.24,HISTORICAL
2025-07-22,COMP001,CASH001,3592154326.24,23877408.27,93242943.44,3522788791.07,3472788791.07,50000000.0,3472788791.07,HISTORICAL
2025-07-23,COMP001,CASH001,3522788791.07,74209315.93,86224972.46,3510773134.54,3460773134.54,50000000.0,3460773134.54,HISTORICAL
2025-07-24,COMP001,CASH001,3510773134.54,85219683.43,6260233.84,3589732584.13,3539732584.13,50000000.0,3539732584.13,HISTORICAL
2025-07-25,COMP001,CASH001,3589732584.13,28563748.43,23508449.54,3594787883.02,3544787883.02,50000000.0,3544787883.02,HISTORICAL
2025-07-26,COMP001,CASH001,3594787883.02,6580317.59,15616022.28,3585752178.33,3535752178.33,50000000.0,3535752178.33,HISTORICAL
2025-07-27,COMP001,CASH001,3585752178.33,3728351.56,88697021.42,3500783508.47,3450783508.47,50000000.0,3450783508.47,HISTORICAL
2025-07-28,COMP001,CASH001,3500783508.47,27198551.92,12620460.57,3515361599.82,3465361599.82,50000000.0,3465361599.82,HISTORICAL
2025-07-29,COMP001,CASH001,3515361599.82,22495295.88,22280050.23,3515576845.47,3465576845.47,50000000.0,3465576845.47,HISTORICAL
2025-07-30,COMP001,CASH001,3515576845.47,30993040.3,8793254.51,3537776631.26,3487776631.26,50000000.0,3487776631.26,HISTORICAL
2025-07-31,COMP001,CASH001,3537776631.26,11699711.06,42568997.55,3506907344.77,3456907344.77,50000000.0,3456907344.77,HISTORICAL
2025-08-01,COMP001,CASH001,3506907344.77,81528482.96,68051754.25,3520384073.48,3470384073.48,50000000.0,3470384073.48,HISTORICAL
2025-08-02,COMP001,CASH001,3520384073.48,39200637.5,7189662.92,3552395048.06,3502395048.06,50000000.0,3502395048.06,HISTORICAL
2025-08-03,COMP001,CASH001,3552395048.06,2211478.5,634429.11,3553972097.45,3503972097.45,50000000.0,3503972097.45,HISTORICAL
2025-08-04,COMP001,CASH001,3553972097.45,167497908.49,54696070.25,3666773935.69,3616773935.69,50000000.0,3616773935.69,HISTORICAL
2025-08-05,COMP001,CASH001,3666773935.69,61000241.28,66475258.13,3661298918.84,3611298918.84,50000000.0,3611298918.84,HISTORICAL
2025-08-06,COMP001,CASH001,3661298918.84,11594091.08,63771018.84,3609121991.08,3559121991.08,50000000.0,3559121991.08,HISTORICAL
2025-08-07,COMP001,CASH001,3609121991.08,60627719.34,8703968.96,3661045741.46,3611045741.46,50000000.0,3611045741.46,HISTORICAL
2025-08-08,COMP001,CASH001,3661045741.46,30852065.49,42743660.77,3649154146.18,3599154146.18,50000000.0,3599154146.18,HISTORICAL
2025-08-09,COMP001,CASH001,3649154146.18,1936745.39,50971439.83,3600119451.74,3550119451.74,50000000.0,3550119451.74,HISTORICAL
2025-08-10,COMP001,CASH001,3600119451.74,12995364.18,170126558.59,3442988257.33,3392988257.33,50000000.0,3392988257.33,HISTORICAL
2025-08-11,COMP001,CASH001,3442988257.33,12588603.94,67149349.96,3388427511.31,3338427511.31,50000000.0,3338427511.31,HISTORICAL
2025-08-12,COMP001,CASH001,3388427511.31,35849263.96,60160002.82,3364116772.45,3314116772.45,50000000.0,3314116772.45,HISTORICAL
2025-08-13,COMP001,CASH001,3364116772.45,14519605.18,69814599.02,3308821778.61,3258821778.61,50000000.0,3258821778.61,HISTORICAL
2025-08-14,COMP001,CASH001,3308821778.61,35437630.53,171785112.09,3172474297.05,3122474297.05,50000000.0,3122474297.05,HISTORICAL
2025-08-15,COMP001,CASH001,3172474297.05,24990381.0,19188918.85,3178275759.2,3128275759.2,50000000.0,3128275759.2,HISTORICAL
2025-08-16,COMP001,CASH001,3178275759.2,38689578.55,41930687.53,3175034650.22,3125034650.22,50000000.0,3125034650.22,HISTORICAL
2025-08-17,COMP001,CASH001,3175034650.22,20764425.1,1489210.9,3194309864.42,3144309864.42,50000000.0,3144309864.42,HISTORICAL
2025-08-18,COMP001,CASH001,3194309864.42,9903496.3,49677288.78,3154536071.94,3104536071.94,50000000.0,3104536071.94,HISTORICAL
2025-08-19,COMP001,CASH001,3154536071.94,37068734.57,62208506.25,3129396300.26,3079396300.26,50000000.0,3079396300.26,HISTORICAL
2025-08-20,COMP001,CASH001,3129396300.26,113755086.49,6318176.83,3236833209.92,3186833209.92,50000000.0,3186833209.92,HISTORICAL
2025-08-21,COMP001,CASH001,3236833209.92,13125472.14,46754622.4,3203204059.66,3153204059.66,50000000.0,3153204059.66,HISTORICAL
2025-08-22,COMP001,CASH001,3203204059.66,20647412.77,41997658.52,3181853813.91,3131853813.91,50000000.0,3131853813.91,HISTORICAL
2025-08-23,COMP001,CASH001,3181853813.91,65238931.1,1672757.09,3245419987.92,3195419987.92,50000000.0,3195419987.92,HISTORICAL
2025-08-24,COMP001,CASH001,3245419987.92,81230812.52,41134573.89,3285516226.55,3235516226.55,50000000.0,3235516226.55,HISTORICAL
2025-08-25,COMP001,CASH001,3285516226.55,65963406.6,84112721.7,3267366911.45,3217366911.45,50000000.0,3217366911.45,HISTORICAL
2025-08-26,COMP001,CASH001,3267366911.45,40480091.52,39700139.35,3268146863.62,3218146863.62,50000000.0,3218146863.62,HISTORICAL
2025-08-27,COMP001,CASH001,3268146863.62,18866826.81,124349093.54,3162664596.89,3112664596.89,50000000.0,3112664596.89,HISTORICAL
2025-08-28,COMP001,CASH001,3162664596.89,43401158.01,49391687.69,3156674067.21,3106674067.21,50000000.0,3106674067.21,HISTORICAL
2025-08-29,COMP001,CASH001,3156674067.21,64364909.05,71552184.2,3149486792.06,3099486792.06,50000000.0,3099486792.06,HISTORICAL
2025-08-30,COMP001,CASH001,3149486792.06,32539193.64,61518651.28,3120507334.42,3070507334.42,50000000.0,3070507334.42,HISTORICAL
2025-08-31,COMP001,CASH001,3120507334.42,80644945.28,75443485.56,3125708794.14,3075708794.14,50000000.0,3075708794.14,HISTORICAL
2025-09-01,COMP001,CASH001,3125708794.14,11383629.04,25671910.44,3111420512.74,3061420512.74,50000000.0,3061420512.74,HISTORICAL
2025-09-02,COMP001,CASH001,3111420512.74,30249439.07,93588031.16,3048081920.65,2998081920.65,50000000.0,2998081920.65,HISTORICAL
2025-09-03,COMP001,CASH001,3048081920.65,14303865.09,52056251.11,3010329534.63,2960329534.63,50000000.0,2960329534.63,HISTORICAL
2025-09-04,COMP001,CASH001,3010329534.63,51763234.07,4068150.16,3058024618.54,3008024618.54,50000000.0,3008024618.54,HISTORICAL
2025-09-05,COMP001,CASH001,3058024618.54,31056204.98,39086482.27,3049994341.25,2999994341.25,50000000.0,2999994341.25,HISTORICAL
2025-09-06,COMP001,CASH001,3049994341.25,2154646.74,597631.53,3051551356.46,3001551356.46,50000000.0,3001551356.46,HISTORICAL
2025-09-07,COMP001,CASH001,3051551356.46,22791878.98,57976549.18,3016366686.26,2966366686.26,50000000.0,2966366686.26,HISTORICAL
2025-09-08,COMP001,CASH001,3016366686.26,115626268.45,70291324.11,3061701630.6,3011701630.6,50000000.0,3011701630.6,HISTORICAL
2025-09-09,COMP001,CASH001,3061701630.6,137097605.69,69579446.37,3129219789.92,3079219789.92,50000000.0,3079219789.92,HISTORICAL
2025-09-10,COMP001,CASH001,3129219789.92,15631967.07,70766555.15,3074085201.84,3024085201.84,50000000.0,3024085201.84,HISTORICAL
2025-09-11,COMP001,CASH001,3074085201.84,86116253.72,15777497.74,3144423957.82,3094423957.82,50000000.0,3094423957.82,HISTORICAL
2025-09-12,COMP001,CASH001,3144423957.82,31258199.51,7670343.02,3168011814.31,3118011814.31,50000000.0,3118011814.31,HISTORICAL
2025-09-13,COMP001,CASH001,3168011814.31,3710559.07,29054565.38,3142667808.0,3092667808.0,50000000.0,3092667808.0,HISTORICAL
2025-09-14,COMP001,CASH001,3142667808.0,71066162.52,856341.03,3212877629.49,3162877629.49,50000000.0,3162877629.49,HISTORICAL
2025-09-15,COMP001,CASH001,3212877629.49,12817674.45,5063659.16,3220631644.78,3170631644.78,50000000.0,3170631644.78,HISTORICAL
2025-09-16,COMP001,CASH001,3220631644.78,175567487.04,81520900.12,3314678231.7,3264678231.7,50000000.0,3264678231.7,HISTORICAL
2025-09-17,COMP001,CASH001,3314678231.7,14502272.8,115721535.54,3213458968.96,3163458968.96,50000000.0,3163458968.96,HISTORICAL
2025-09-18,COMP001,CASH001,3213458968.96,69861065.92,4839153.69,3278480881.19,3228480881.19,50000000.0,3228480881.19,HISTORICAL
2025-09-19,COMP001,CASH001,3278480881.19,67004404.63,21359701.62,3324125584.2,3274125584.2,50000000.0,3274125584.2,HISTORICAL
2025-09-20,COMP001,CASH001,3324125584.2,3393578.84,1950117.25,3325569045.79,3275569045.79,50000000.0,3275569045.79,HISTORICAL
2025-09-21,COMP001,CASH001,3325569045.79,3353474.52,1051823.59,3327870696.72,3277870696.72,50000000.0,3277870696.72,HISTORICAL
2025-09-22,COMP001,CASH001,3327870696.72,9973794.66,85022749.6,3252821741.78,3202821741.78,50000000.0,3202821741.78,HISTORICAL
2025-09-23,COMP001,CASH001,3252821741.78,177761271.54,42038182.11,3388544831.21,3338544831.21,50000000.0,3338544831.21,HISTORICAL
2025-09-24,COMP001,CASH001,3388544831.21,96021748.08,56262289.92,3428304289.37,3378304289.37,50000000.0,3378304289.37,HISTORICAL
2025-09-25,COMP001,CASH001,3428304289.37,15791072.66,3186010.33,3440909351.7,3390909351.7,50000000.0,3390909351.7,HISTORICAL
2025-09-26,COMP001,CASH001,3440909351.7,31158656.64,173948201.4,3298119806.94,3248119806.94,50000000.0,3248119806.94,HISTORICAL
2025-09-27,COMP001,CASH001,3298119806.94,21880268.81,44223846.28,3275776229.47,3225776229.47,50000000.0,3225776229.47,HISTORICAL
2025-09-28,COMP001,CASH001,3275776229.47,44589397.42,16526164.15,3303839462.74,3253839462.74,50000000.0,3253839462.74,HISTORICAL
2025-09-29,COMP001,CASH001,3303839462.74,12556824.61,84912916.97,3231483370.38,3181483370.38,50000000.0,3181483370.38,HISTORICAL
2025-09-30,COMP001,CASH001,3231483370.38,63294146.21,53442743.28,3241334773.31,3191334773.31,50000000.0,3191334773.31,HISTORICAL
2025-10-01,COMP001,CASH001,3241334773.31,17260704.39,24579407.07,3234016070.63,3184016070.63,50000000.0,3184016070.63,HISTORICAL
2025-10-02,COMP001,CASH001,3234016070.63,9231188.09,61357769.6,3181889489.12,3131889489.12,50000000.0,3131889489.12,HISTORICAL
2025-10-03,COMP001,CASH001,3181889489.12,110896708.82,47733359.8,3245052838.14,3195052838.14,50000000.0,3195052838.14,HISTORICAL
2025-10-04,COMP001,CASH001,3245052838.14,80777133.93,59892611.46,3265937360.61,3215937360.61,50000000.0,3215937360.61,HISTORICAL
2025-10-05,COMP001,CASH001,3265937360.61,96179484.39,13742608.17,3348374236.83,3298374236.83,50000000.0,3298374236.83,HISTORICAL
2025-10-06,COMP001,CASH001,3348374236.83,17036053.98,44291404.11,3321118886.7,3271118886.7,50000000.0,3271118886.7,HISTORICAL
2025-10-07,COMP001,CASH001,3321118886.7,107702030.89,53118157.04,3375702760.55,3325702760.55,50000000.0,3325702760.55,HISTORICAL
2025-10-08,COMP001,CASH001,3375702760.55,10235369.24,7434592.57,3378503537.22,3328503537.22,50000000.0,3328503537.22,HISTORICAL
2025-10-09,COMP001,CASH001,3378503537.22,20451941.91,3228483.29,3395726995.84,3345726995.84,50000000.0,3345726995.84,HISTORICAL
2025-10-10,COMP001,CASH001,3395726995.84,95330585.16,156377535.96,3334680045.04,3284680045.04,50000000.0,3284680045.04,HISTORICAL
2025-10-11,COMP001,CASH001,3334680045.04,28913076.26,56242682.09,3307350439.21,3257350439.21,50000000.0,3257350439.21,HISTORICAL
2025-10-12,COMP001,CASH001,3307350439.21,2046195.16,44804615.77,3264592018.6,3214592018.6,50000000.0,3214592018.6,HISTORICAL
2025-10-13,COMP001,CASH001,3264592018.6,41988786.0,129961744.53,3176619060.07,3126619060.07,50000000.0,3126619060.07,HISTORICAL
2025-10-14,COMP001,CASH001,3176619060.07,30232865.44,53354931.98,3153496993.53,3103496993.53,50000000.0,3103496993.53,HISTORICAL
2025-10-15,COMP001,CASH001,3153496993.53,13046570.86,90552629.93,3075990934.46,3025990934.46,50000000.0,3025990934.46,HISTORICAL
2025-10-16,COMP001,CASH001,3075990934.46,88395139.94,45916282.23,3118469792.17,3068469792.17,50000000.0,3068469792.17,HISTORICAL
2025-10-17,COMP001,CASH001,3118469792.17,21719860.93,7856896.53,3132332756.57,3082332756.57,50000000.0,3082332756.57,HISTORICAL
2025-10-18,COMP001,CASH001,3132332756.57,41364703.44,16206750.8,3157490709.21,3107490709.21,50000000.0,3107490709.21,HISTORICAL
2025-10-19,COMP001,CASH001,3157490709.21,31934008.75,33758267.34,3155666450.62,3105666450.62,50000000.0,3105666450.62,HISTORICAL
2025-10-20,COMP001,CASH001,3155666450.62,17837871.41,148465098.93,3025039223.1,2975039223.1,50000000.0,2975039223.1,HISTORICAL
2025-10-21,COMP001,CASH001,3025039223.1,79023335.91,7786015.92,3096276543.09,3046276543.09,50000000.0,3046276543.09,HISTORICAL
2025-10-22,COMP001,CASH001,3096276543.09,70577188.88,6975656.69,3159878075.28,3109878075.28,50000000.0,3109878075.28,HISTORICAL
2025-10-23,COMP001,CASH001,3159878075.28,27512603.21,107656082.83,3079734595.66,3029734595.66,50000000.0,3029734595.66,HISTORICAL
2025-10-24,COMP001,CASH001,3079734595.66,84803050.78,8123600.5,3156414045.94,3106414045.94,50000000.0,3106414045.94,HISTORICAL
2025-10-25,COMP001,CASH001,3156414045.94,89629996.64,966347.14,3245077695.44,3195077695.44,50000000.0,3195077695.44,HISTORICAL
2025-10-26,COMP001,CASH001,3245077695.44,15030929.75,18023890.23,3242084734.96,3192084734.96,50000000.0,3192084734.96,HISTORICAL
2025-10-27,COMP001,CASH001,3242084734.96,9455507.56,6453623.73,3245086618.79,3195086618.79,50000000.0,3195086618.79,HISTORICAL
2025-10-28,COMP001,CASH001,3245086618.79,95953544.94,66347423.53,3274692740.2,3224692740.2,50000000.0,3224692740.2,HISTORICAL
2025-10-29,COMP001,CASH001,3274692740.2,10272140.26,64071787.2,3220893093.26,3170893093.26,50000000.0,3170893093.26,HISTORICAL
2025-10-30,COMP001,CASH001,3220893093.26,156467452.89,23588818.47,3353771727.68,3303771727.68,50000000.0,3303771727.68,HISTORICAL
2025-10-31,COMP001,CASH001,3353771727.68,107293169.89,12377542.51,3448687355.06,3398687355.06,50000000.0,3398687355.06,HISTORICAL
2025-11-01,COMP001,CASH001,3448687355.06,3159826.15,55386455.05,3396460726.16,3346460726.16,50000000.0,3346460726.16,HISTORICAL
2025-11-02,COMP001,CASH001,3396460726.16,1517870.45,24554761.44,3373423835.17,3323423835.17,50000000.0,3323423835.17,HISTORICAL
2025-11-03,COMP001,CASH001,3373423835.17,14978409.1,60335446.76,3328066797.51,3278066797.51,50000000.0,3278066797.51,HISTORICAL
2025-11-04,COMP001,CASH001,3328066797.51,140651444.03,13863595.54,3454854646.0,3404854646.0,50000000.0,3404854646.0,HISTORICAL
2025-11-05,COMP001,CASH001,3454854646.0,41257017.83,29468822.41,3466642841.42,3416642841.42,50000000.0,3416642841.42,HISTORICAL
2025-11-06,COMP001,CASH001,3466642841.42,52242521.67,45856225.6,3473029137.49,3423029137.49,50000000.0,3423029137.49,HISTORICAL
2025-11-07,COMP001,CASH001,3473029137.49,22931279.15,19482351.04,3476478065.6,3426478065.6,50000000.0,3426478065.6,HISTORICAL
2025-11-08,COMP001,CASH001,3476478065.6,26250820.38,29434102.64,3473294783.34,3423294783.34,50000000.0,3423294783.34,HISTORICAL
2025-11-09,COMP001,CASH001,3473294783.34,52443764.8,91786351.22,3433952196.92,3383952196.92,50000000.0,3383952196.92,HISTORICAL
2025-11-10,COMP001,CASH001,3433952196.92,9188516.77,6921293.99,3436219419.7,3386219419.7,50000000.0,3386219419.7,HISTORICAL
2025-11-11,COMP001,CASH001,3436219419.7,23718827.18,11264898.51,3448673348.37,3398673348.37,50000000.0,3398673348.37,HISTORICAL
2025-11-12,COMP001,CASH001,3448673348.37,131586682.02,9924271.13,3570335759.26,3520335759.26,50000000.0,3520335759.26,HISTORICAL
2025-11-13,COMP001,CASH001,3570335759.26,11906069.57,34425394.35,3547816434.48,3497816434.48,50000000.0,3497816434.48,HISTORICAL
2025-11-14,COMP001,CASH001,3547816434.48,28910046.87,25230764.37,3551495716.98,3501495716.98,50000000.0,3501495716.98,HISTORICAL
2025-11-15,COMP001,CASH001,3551495716.98,10872577.02,569504.97,3561798789.03,3511798789.03,50000000.0,3511798789.03,HISTORICAL
2025-11-16,COMP001,CASH001,3561798789.03,3884038.23,55751763.84,3509931063.42,3459931063.42,50000000.0,3459931063.42,HISTORICAL
2025-11-17,COMP001,CASH001,3509931063.42,95783491.78,44318126.68,3561396428.52,3511396428.52,50000000.0,3511396428.52,HISTORICAL
2025-11-18,COMP001,CASH001,3561396428.52,22991046.28,51654357.96,3532733116.84,3482733116.84,50000000.0,3482733116.84,HISTORICAL
2025-11-19,COMP001,CASH001,3532733116.84,8069682.28,75883874.06,3464918925.06,3414918925.06,50000000.0,3414918925.06,HISTORICAL
2025-11-20,COMP001,CASH001,3464918925.06,31524724.25,67799157.01,3428644492.3,3378644492.3,50000000.0,3378644492.3,HISTORICAL
2025-11-21,COMP001,CASH001,3428644492.3,48033126.7,48504373.56,3428173245.44,3378173245.44,50000000.0,3378173245.44,HISTORICAL
2025-11-22,COMP001,CASH001,3428173245.44,53260790.75,1663910.95,3479770125.24,3429770125.24,50000000.0,3429770125.24,HISTORICAL
2025-11-23,COMP001,CASH001,3479770125.24,1546893.14,1947131.68,3479369886.7,3429369886.7,50000000.0,3429369886.7,HISTORICAL
2025-11-24,COMP001,CASH001,3479369886.7,40560410.73,7728861.68,3512201435.75,3462201435.75,50000000.0,3462201435.75,HISTORICAL
2025-11-25,COMP001,CASH001,3512201435.75,73944069.21,61001403.12,3525144101.84,3475144101.84,50000000.0,3475144101.84,HISTORICAL
2025-11-26,COMP001,CASH001,3525144101.84,46489687.93,6217073.94,3565416715.83,3515416715.83,50000000.0,3515416715.83,HISTORICAL
2025-11-27,COMP001,CASH001,3565416715.83,14204009.14,9033136.16,3570587588.81,3520587588.81,50000000.0,3520587588.81,HISTORICAL
2025-11-28,COMP001,CASH001,3570587588.81,93099225.7,52138649.82,3611548164.69,3561548164.69,50000000.0,3561548164.69,HISTORICAL
2025-11-29,COMP001,CASH001,3611548164.69,80063564.17,32125878.87,3659485849.99,3609485849.99,50000000.0,3609485849.99,HISTORICAL
2025-11-30,COMP001,CASH001,3659485849.99,102669181.28,933088.06,3761221943.21,3711221943.21,50000000.0,3711221943.21,HISTORICAL
2025-12-01,COMP001,CASH001,3761221943.21,71702027.39,5500066.74,3827423903.86,3777423903.86,50000000.0,3777423903.86,HISTORICAL
2025-12-02,COMP001,CASH001,3827423903.86,27519763.12,26129474.94,3828814192.04,3778814192.04,50000000.0,3778814192.04,HISTORICAL
2025-12-03,COMP001,CASH001,3828814192.04,152449299.0,84797034.28,3896466456.76,3846466456.76,50000000.0,3846466456.76,HISTORICAL
2025-12-04,COMP001,CASH001,3896466456.76,21814893.32,16967887.32,3901313462.76,3851313462.76,50000000.0,3851313462.76,HISTORICAL
2025-12-05,COMP001,CASH001,3901313462.76,29495856.1,5197381.38,3925611937.48,3875611937.48,50000000.0,3875611937.48,HISTORICAL
2025-12-06,COMP001,CASH001,3925611937.48,3883457.45,31435525.1,3898059869.83,3848059869.83,50000000.0,3848059869.83,HISTORICAL
2025-12-07,COMP001,CASH001,3898059869.83,25965852.53,76758784.04,3847266938.32,3797266938.32,50000000.0,3797266938.32,HISTORICAL
2025-12-08,COMP001,CASH001,3847266938.32,9292024.67,49985478.14,3806573484.85,3756573484.85,50000000.0,3756573484.85,HISTORICAL
2025-12-09,COMP001,CASH001,3806573484.85,60196063.61,22809073.08,3843960475.38,3793960475.38,50000000.0,3793960475.38,HISTORICAL
2025-12-10,COMP001,CASH001,3843960475.38,67005249.46,82863747.32,3828101977.52,3778101977.52,50000000.0,3778101977.52,HISTORICAL
2025-12-11,COMP001,CASH001,3828101977.52,145504341.72,55893002.51,3917713316.73,3867713316.73,50000000.0,3867713316.73,HISTORICAL
2025-12-12,COMP001,CASH001,3917713316.73,17562848.22,11502065.91,3923774099.04,3873774099.04,50000000.0,3873774099.04,HISTORICAL
2025-12-13,COMP001,CASH001,3923774099.04,93994999.62,15882652.13,4001886446.53,3951886446.53,50000000.0,3951886446.53,HISTORICAL
2025-12-14,COMP001,CASH001,4001886446.53,1007845.94,1589399.86,4001304892.61,3951304892.61,50000000.0,3951304892.61,HISTORICAL
2025-12-15,COMP001,CASH001,4001304892.61,14473892.15,39692041.33,3976086743.43,3926086743.43,50000000.0,3926086743.43,HISTORICAL
2025-12-16,COMP001,CASH001,3976086743.43,16997982.43,62758750.63,3930325975.23,3880325975.23,50000000.0,3880325975.23,HISTORICAL
2025-12-17,COMP001,CASH001,3930325975.23,85056302.47,30266328.1,3985115949.6,3935115949.6,50000000.0,3935115949.6,HISTORICAL
2025-12-18,COMP001,CASH001,3985115949.6,116133495.05,74013616.11,4027235828.54,3977235828.54,50000000.0,3977235828.54,HISTORICAL
2025-12-19,COMP001,CASH001,4027235828.54,123656841.62,68152417.3,4082740252.86,4032740252.86,50000000.0,4032740252.86,HISTORICAL
2025-12-20,COMP001,CASH001,4082740252.86,3513112.89,835546.88,4085417818.87,4035417818.87,50000000.0,4035417818.87,HISTORICAL
2025-12-21,COMP001,CASH001,4085417818.87,159465156.57,624323.81,4244258651.63,4194258651.63,50000000.0,4194258651.63,HISTORICAL
2025-12-22,COMP001,CASH001,4244258651.63,16351205.87,13898379.41,4246711478.09,4196711478.09,50000000.0,4196711478.09,HISTORICAL
2025-12-23,COMP001,CASH001,4246711478.09,106004565.49,61173685.04,4291542358.54,4241542358.54,50000000.0,4241542358.54,HISTORICAL
2025-12-24,COMP001,CASH001,4291542358.54,20204443.27,57558856.06,4254187945.75,4204187945.75,50000000.0,4204187945.75,HISTORICAL
2025-12-25,COMP001,CASH001,4254187945.75,13865970.01,5058499.1,4262995416.66,4212995416.66,50000000.0,4212995416.66,HISTORICAL
2025-12-26,COMP001,CASH001,4262995416.66,20193093.68,8702087.5,4274486422.84,4224486422.84,50000000.0,4224486422.84,HISTORICAL
2025-12-27,COMP001,CASH001,4274486422.84,32576854.0,49194600.45,4257868676.39,4207868676.39,50000000.0,4207868676.39,HISTORICAL
2025-12-28,COMP001,CASH001,4257868676.39,43449959.46,2446204.14,4298872431.71,4248872431.71,50000000.0,4248872431.71,HISTORICAL
2025-12-29,COMP001,CASH001,4298872431.71,96848544.57,8218017.87,4387502958.41,4337502958.41,50000000.0,4337502958.41,HISTORICAL
2025-12-30,COMP001,CASH001,4387502958.41,18299882.81,18923054.85,4386879786.37,4336879786.37,50000000.0,4336879786.37,HISTORICAL
2025-12-31,COMP001,CASH001,4386879786.37,20006944.15,68621544.34,4338265186.18,4288265186.18,50000000.0,4288265186.18,HISTORICAL
2026-08-28,TATA001,CASH001,4204079.97,0.0,1650000.0,2554079.97,1954079.97,970000.0,984079.97,FUTURE_STREAMING
2026-08-29,TATA001,CASH001,2554079.97,0.0,0.0,2554079.97,1954079.97,970000.0,984079.97,FUTURE_STREAMING
2026-08-30,TATA001,CASH001,2554079.97,0.0,0.0,2554079.97,1954079.97,970000.0,984079.97,FUTURE_STREAMING
2026-08-31,TATA001,CASH001,2554079.97,0.0,0.0,2554079.97,1954079.97,970000.0,984079.97,FUTURE_STREAMING
2026-09-01,TATA001,CASH001,2554079.97,0.0,120000.0,2434079.97,1834079.97,970000.0,864079.97,FUTURE_STREAMING
2026-09-02,TATA001,CASH001,2434079.97,0.0,0.0,2434079.97,1834079.97,850000.0,984079.97,FUTURE_STREAMING
2026-09-03,TATA001,CASH001,2434079.97,0.0,0.0,2434079.97,1834079.97,850000.0,984079.97,FUTURE_STREAMING
2026-09-04,TATA001,CASH001,2434079.97,0.0,0.0,2434079.97,1834079.97,850000.0,984079.97,FUTURE_STREAMING
2026-09-05,TATA001,CASH001,2434079.97,0.0,0.0,2434079.97,1834079.97,850000.0,984079.97,FUTURE_STREAMING
2026-09-06,TATA001,CASH001,2434079.97,0.0,0.0,2434079.97,1834079.97,850000.0,984079.97,FUTURE_STREAMING
2026-09-07,TATA001,CASH001,2434079.97,0.0,0.0,2434079.97,1834079.97,850000.0,984079.97,FUTURE_STREAMING
2026-09-08,TATA001,CASH001,2434079.97,0.0,0.0,2434079.97,1834079.97,850000.0,984079.97,FUTURE_STREAMING
2026-09-09,TATA001,CASH001,2434079.97,0.0,0.0,2434079.97,1834079.97,850000.0,984079.97,FUTURE_STREAMING
2026-09-10,TATA001,CASH001,2434079.97,0.0,0.0,2434079.97,1834079.97,850000.0,984079.97,FUTURE_STREAMING
2026-09-11,TATA001,CASH001,2434079.97,0.0,0.0,2434079.97,1834079.97,850000.0,984079.97,FUTURE_STREAMING
2026-09-12,TATA001,CASH001,2434079.97,0.0,0.0,2434079.97,1834079.97,850000.0,984079.97,FUTURE_STREAMING
2026-09-13,TATA001,CASH001,2434079.97,0.0,0.0,2434079.97,1834079.97,850000.0,984079.97,FUTURE_STREAMING
2026-09-14,TATA001,CASH001,2434079.97,0.0,0.0,2434079.97,1834079.97,850000.0,984079.97,FUTURE_STREAMING
2026-09-15,TATA001,CASH001,2434079.97,0.0,0.0,2434079.97,1834079.97,850000.0,984079.97,FUTURE_STREAMING
2026-09-16,TATA001,CASH001,2434079.97,0.0,0.0,2434079.97,1834079.97,850000.0,984079.97,FUTURE_STREAMING
2026-09-17,TATA001,CASH001,2434079.97,0.0,0.0,2434079.97,1834079.97,850000.0,984079.97,FUTURE_STREAMING
2026-09-18,TATA001,CASH001,2434079.97,0.0,0.0,2434079.97,1834079.97,850000.0,984079.97,FUTURE_STREAMING
2026-09-19,TATA001,CASH001,2434079.97,0.0,0.0,2434079.97,1834079.97,850000.0,984079.97,FUTURE_STREAMING
2026-09-20,TATA001,CASH001,2434079.97,0.0,50394.63,2383685.34,1783685.34,850000.0,933685.34,FUTURE_STREAMING
2026-09-21,TATA001,CASH001,2383685.34,0.0,0.0,2383685.34,1783685.34,2500000.0,0.0,FUTURE_STREAMING
2026-09-22,TATA001,CASH001,2383685.34,31760.96,0.0,2415446.3,1815446.3,2500000.0,0.0,FUTURE_STREAMING
2026-09-23,TATA001,CASH001,2415446.3,226495.9,0.0,2641942.2,2041942.2,2500000.0,0.0,FUTURE_STREAMING
2026-09-24,TATA001,CASH001,2641942.2,168225.96,0.0,2810168.16,2210168.16,2500000.0,0.0,FUTURE_STREAMING
2026-09-25,TATA001,CASH001,2810168.16,0.0,0.0,2810168.16,2210168.16,2500000.0,0.0,FUTURE_STREAMING
2026-09-26,TATA001,CASH001,2810168.16,0.0,0.0,2810168.16,2210168.16,2500000.0,0.0,FUTURE_STREAMING
2026-09-27,TATA001,CASH001,2810168.16,0.0,0.0,2810168.16,2210168.16,2500000.0,0.0,FUTURE_STREAMING
2026-09-28,TATA001,CASH001,2810168.16,0.0,1650000.0,1160168.16,560168.16,970000.0,0.0,FUTURE_STREAMING
2026-09-29,TATA001,CASH001,1160168.16,149141.05,0.0,1309309.21,709309.21,970000.0,0.0,FUTURE_STREAMING
2026-09-30,TATA001,CASH001,1309309.21,0.0,21563.53,1287745.68,687745.68,970000.0,0.0,FUTURE_STREAMING
2026-10-01,TATA001,CASH001,1287745.68,84627.37,120000.0,1252373.05,652373.05,970000.0,0.0,FUTURE_STREAMING
2026-10-02,TATA001,CASH001,1252373.05,0.0,0.0,1252373.05,652373.05,850000.0,0.0,FUTURE_STREAMING
2026-10-03,TATA001,CASH001,1252373.05,334437.5,0.0,1586810.55,986810.55,850000.0,136810.55,FUTURE_STREAMING
2026-10-04,TATA001,CASH001,1586810.55,0.0,0.0,1586810.55,986810.55,850000.0,136810.55,FUTURE_STREAMING
2026-10-05,TATA001,CASH001,1586810.55,0.0,68573.91,1518236.64,918236.64,850000.0,68236.64,FUTURE_STREAMING
2026-10-06,TATA001,CASH001,1518236.64,0.0,148629.8,1369606.84,769606.84,850000.0,0.0,FUTURE_STREAMING
2026-10-07,TATA001,CASH001,1369606.84,90878.7,0.0,1460485.54,860485.54,850000.0,10485.54,FUTURE_STREAMING
2026-10-08,TATA001,CASH001,1460485.54,0.0,0.0,1460485.54,860485.54,850000.0,10485.54,FUTURE_STREAMING
2026-10-09,TATA001,CASH001,1460485.54,0.0,0.0,1460485.54,860485.54,850000.0,10485.54,FUTURE_STREAMING
2026-10-10,TATA001,CASH001,1460485.54,42841.35,0.0,1503326.89,903326.89,850000.0,53326.89,FUTURE_STREAMING
2026-10-11,TATA001,CASH001,1503326.89,0.0,83546.76,1419780.13,819780.13,850000.0,0.0,FUTURE_STREAMING
2026-10-12,TATA001,CASH001,1419780.13,389580.34,170630.72,1638729.75,1038729.75,850000.0,188729.75,FUTURE_STREAMING
2026-10-13,TATA001,CASH001,1638729.75,243018.94,140555.66,1741193.03,1141193.03,850000.0,291193.03,FUTURE_STREAMING
2026-10-14,TATA001,CASH001,1741193.03,0.0,0.0,1741193.03,1141193.03,850000.0,291193.03,FUTURE_STREAMING
2026-10-15,TATA001,CASH001,1741193.03,408268.2,0.0,2149461.23,1549461.23,850000.0,699461.23,FUTURE_STREAMING
2026-10-16,TATA001,CASH001,2149461.23,0.0,210576.67,1938884.56,1338884.56,850000.0,488884.56,FUTURE_STREAMING
2026-10-17,TATA001,CASH001,1938884.56,0.0,0.0,1938884.56,1338884.56,850000.0,488884.56,FUTURE_STREAMING
2026-10-18,TATA001,CASH001,1938884.56,0.0,81395.73,1857488.83,1257488.83,850000.0,407488.83,FUTURE_STREAMING
2026-10-19,TATA001,CASH001,1857488.83,530510.46,0.0,2387999.29,1787999.29,850000.0,937999.29,FUTURE_STREAMING
2026-10-20,TATA001,CASH001,2387999.29,487442.12,0.0,2875441.41,2275441.41,850000.0,1425441.41,FUTURE_STREAMING
2026-10-21,TATA001,CASH001,2875441.41,79869.41,0.0,2955310.82,2355310.82,2500000.0,0.0,FUTURE_STREAMING
2026-10-22,TATA001,CASH001,2955310.82,654623.31,0.0,3609934.13,3009934.13,2500000.0,509934.13,FUTURE_STREAMING
2026-10-23,TATA001,CASH001,3609934.13,385875.65,274409.5,3721400.28,3121400.28,2500000.0,621400.28,FUTURE_STREAMING
2026-10-24,TATA001,CASH001,3721400.28,0.0,0.0,3721400.28,3121400.28,2500000.0,621400.28,FUTURE_STREAMING
2026-10-25,TATA001,CASH001,3721400.28,333846.1,32902.92,4022343.46,3422343.46,2500000.0,922343.46,FUTURE_STREAMING
2026-10-26,TATA001,CASH001,4022343.46,75229.76,81469.81,4016103.41,3416103.41,2500000.0,916103.41,FUTURE_STREAMING
2026-10-27,TATA001,CASH001,4016103.41,247336.96,87468.18,4175972.19,3575972.19,2500000.0,1075972.19,FUTURE_STREAMING
2026-10-28,TATA001,CASH001,4175972.19,229483.09,1860891.66,2544563.62,1944563.62,970000.0,974563.62,FUTURE_STREAMING
2026-10-29,TATA001,CASH001,2544563.62,253880.56,0.0,2798444.18,2198444.18,970000.0,1228444.18,FUTURE_STREAMING
2026-10-30,TATA001,CASH001,2798444.18,69813.45,68049.62,2800208.01,2200208.01,970000.0,1230208.01,FUTURE_STREAMING
2026-10-31,TATA001,CASH001,2800208.01,0.0,0.0,2800208.01,2200208.01,970000.0,1230208.01,FUTURE_STREAMING
2026-11-01,TATA001,CASH001,2800208.01,0.0,580062.9,2220145.11,1620145.11,970000.0,650145.11,FUTURE_STREAMING
2026-11-02,TATA001,CASH001,2220145.11,251318.81,121339.23,2350124.69,1750124.69,850000.0,900124.69,FUTURE_STREAMING
2026-11-03,TATA001,CASH001,2350124.69,137877.34,0.0,2488002.03,1888002.03,850000.0,1038002.03,FUTURE_STREAMING
2026-11-04,TATA001,CASH001,2488002.03,200272.76,233913.71,2454361.08,1854361.08,850000.0,1004361.08,FUTURE_STREAMING
2026-11-05,TATA001,CASH001,2454361.08,537424.75,0.0,2991785.83,2391785.83,850000.0,1541785.83,FUTURE_STREAMING
2026-11-06,TATA001,CASH001,2991785.83,356660.35,35069.2,3313376.98,2713376.98,850000.0,1863376.98,FUTURE_STREAMING
2026-11-07,TATA001,CASH001,3313376.98,82185.48,0.0,3395562.46,2795562.46,850000.0,1945562.46,FUTURE_STREAMING
2026-11-08,TATA001,CASH001,3395562.46,117757.91,0.0,3513320.37,2913320.37,850000.0,2063320.37,FUTURE_STREAMING
2026-11-09,TATA001,CASH001,3513320.37,549523.01,160726.26,3902117.12,3302117.12,850000.0,2452117.12,FUTURE_STREAMING
2026-11-10,TATA001,CASH001,3902117.12,123284.19,0.0,4025401.31,3425401.31,850000.0,2575401.31,FUTURE_STREAMING
2026-11-11,TATA001,CASH001,4025401.31,326396.06,0.0,4351797.37,3751797.37,850000.0,2901797.37,FUTURE_STREAMING
2026-11-12,TATA001,CASH001,4351797.37,0.0,93610.62,4258186.75,3658186.75,850000.0,2808186.75,FUTURE_STREAMING
2026-11-13,TATA001,CASH001,4258186.75,0.0,0.0,4258186.75,3658186.75,850000.0,2808186.75,FUTURE_STREAMING
2026-11-14,TATA001,CASH001,4258186.75,125749.37,130179.33,4253756.79,3653756.79,850000.0,2803756.79,FUTURE_STREAMING
2026-11-15,TATA001,CASH001,4253756.79,231111.11,318523.82,4166344.08,3566344.08,850000.0,2716344.08,FUTURE_STREAMING
2026-11-16,TATA001,CASH001,4166344.08,233978.45,0.0,4400322.53,3800322.53,850000.0,2950322.53,FUTURE_STREAMING
2026-11-17,TATA001,CASH001,4400322.53,200931.66,0.0,4601254.19,4001254.19,850000.0,3151254.19,FUTURE_STREAMING
2026-11-18,TATA001,CASH001,4601254.19,128534.2,63874.56,4665913.83,4065913.83,850000.0,3215913.83,FUTURE_STREAMING
2026-11-19,TATA001,CASH001,4665913.83,0.0,0.0,4665913.83,4065913.83,850000.0,3215913.83,FUTURE_STREAMING
2026-11-20,TATA001,CASH001,4665913.83,343207.32,24945.27,4984175.88,4384175.88,850000.0,3534175.88,FUTURE_STREAMING
2026-11-21,TATA001,CASH001,4984175.88,114914.58,91921.69,5007168.77,4407168.77,2500000.0,1907168.77,FUTURE_STREAMING
2026-11-22,TATA001,CASH001,5007168.77,279217.72,629711.91,4656674.58,4056674.58,2500000.0,1556674.58,FUTURE_STREAMING
2026-11-23,TATA001,CASH001,4656674.58,168084.96,0.0,4824759.54,4224759.54,2500000.0,1724759.54,FUTURE_STREAMING
2026-11-24,TATA001,CASH001,4824759.54,254304.43,412752.65,4666311.32,4066311.32,2500000.0,1566311.32,FUTURE_STREAMING
2026-11-25,TATA001,CASH001,4666311.32,0.0,0.0,4666311.32,4066311.32,2500000.0,1566311.32,FUTURE_STREAMING
2026-11-26,TATA001,CASH001,4666311.32,320374.55,0.0,4986685.87,4386685.87,2500000.0,1886685.87,FUTURE_STREAMING
2026-11-27,TATA001,CASH001,4986685.87,0.0,0.0,4986685.87,4386685.87,2500000.0,1886685.87,FUTURE_STREAMING
2026-11-28,TATA001,CASH001,4986685.87,158586.3,1650000.0,3495272.17,2895272.17,970000.0,1925272.17,FUTURE_STREAMING
2026-11-29,TATA001,CASH001,3495272.17,116188.52,130809.25,3480651.44,2880651.44,970000.0,1910651.44,FUTURE_STREAMING
2026-11-30,TATA001,CASH001,3480651.44,0.0,0.0,3480651.44,2880651.44,970000.0,1910651.44,FUTURE_STREAMING
2026-12-01,TATA001,CASH001,3480651.44,185588.52,120000.0,3546239.96,2946239.96,970000.0,1976239.96,FUTURE_STREAMING
2026-12-02,TATA001,CASH001,3546239.96,643283.53,177259.97,4012263.52,3412263.52,850000.0,2562263.52,FUTURE_STREAMING
2026-12-03,TATA001,CASH001,4012263.52,73507.66,0.0,4085771.18,3485771.18,850000.0,2635771.18,FUTURE_STREAMING
2026-12-04,TATA001,CASH001,4085771.18,93153.17,0.0,4178924.35,3578924.35,850000.0,2728924.35,FUTURE_STREAMING
2026-12-05,TATA001,CASH001,4178924.35,0.0,102191.32,4076733.03,3476733.03,850000.0,2626733.03,FUTURE_STREAMING
2026-12-06,TATA001,CASH001,4076733.03,30000.0,100743.16,4005989.87,3405989.87,850000.0,2555989.87,FUTURE_STREAMING
2026-12-07,TATA001,CASH001,4005989.87,134626.08,0.0,4140615.95,3540615.95,850000.0,2690615.95,FUTURE_STREAMING
2026-12-08,TATA001,CASH001,4140615.95,0.0,164353.02,3976262.93,3376262.93,850000.0,2526262.93,FUTURE_STREAMING
2026-12-09,TATA001,CASH001,3976262.93,639762.76,149988.04,4466037.65,3866037.65,850000.0,3016037.65,FUTURE_STREAMING
2026-12-10,TATA001,CASH001,4466037.65,180222.31,89277.69,4556982.27,3956982.27,850000.0,3106982.27,FUTURE_STREAMING
2026-12-11,TATA001,CASH001,4556982.27,106911.06,107238.68,4556654.65,3956654.65,850000.0,3106654.65,FUTURE_STREAMING
2026-12-12,TATA001,CASH001,4556654.65,0.0,47825.06,4508829.59,3908829.59,850000.0,3058829.59,FUTURE_STREAMING
2026-12-13,TATA001,CASH001,4508829.59,0.0,0.0,4508829.59,3908829.59,850000.0,3058829.59,FUTURE_STREAMING
2026-12-14,TATA001,CASH001,4508829.59,108823.03,0.0,4617652.62,4017652.62,850000.0,3167652.62,FUTURE_STREAMING
2026-12-15,TATA001,CASH001,4617652.62,0.0,0.0,4617652.62,4017652.62,850000.0,3167652.62,FUTURE_STREAMING
2026-12-16,TATA001,CASH001,4617652.62,334383.1,0.0,4952035.72,4352035.72,850000.0,3502035.72,FUTURE_STREAMING
2026-12-17,TATA001,CASH001,4952035.72,0.0,22961.84,4929073.88,4329073.88,850000.0,3479073.88,FUTURE_STREAMING
2026-12-18,TATA001,CASH001,4929073.88,259912.18,128952.97,5060033.09,4460033.09,850000.0,3610033.09,FUTURE_STREAMING
2026-12-19,TATA001,CASH001,5060033.09,0.0,0.0,5060033.09,4460033.09,850000.0,3610033.09,FUTURE_STREAMING
2026-12-20,TATA001,CASH001,5060033.09,188475.41,0.0,5248508.5,4648508.5,850000.0,3798508.5,FUTURE_STREAMING
2026-12-21,TATA001,CASH001,5248508.5,366977.04,0.0,5615485.54,5015485.54,2500000.0,2515485.54,FUTURE_STREAMING
2026-12-22,TATA001,CASH001,5615485.54,123253.27,0.0,5738738.81,5138738.81,2500000.0,2638738.81,FUTURE_STREAMING
2026-12-23,TATA001,CASH001,5738738.81,0.0,40430.27,5698308.54,5098308.54,2500000.0,2598308.54,FUTURE_STREAMING
2026-12-24,TATA001,CASH001,5698308.54,0.0,31067.96,5667240.58,5067240.58,2500000.0,2567240.58,FUTURE_STREAMING
2026-12-25,TATA001,CASH001,5667240.58,0.0,0.0,5667240.58,5067240.58,2500000.0,2567240.58,FUTURE_STREAMING
2026-12-26,TATA001,CASH001,5667240.58,49539.27,0.0,5716779.85,5116779.85,2500000.0,2616779.85,FUTURE_STREAMING
2026-12-27,TATA001,CASH001,5716779.85,0.0,134367.21,5582412.64,4982412.64,2500000.0,2482412.64,FUTURE_STREAMING
2026-12-28,TATA001,CASH001,5582412.64,691998.84,1740738.36,4533673.12,3933673.12,970000.0,2963673.12,FUTURE_STREAMING
2026-12-29,TATA001,CASH001,4533673.12,214381.08,163619.14,4584435.06,3984435.06,970000.0,3014435.06,FUTURE_STREAMING
2026-12-30,TATA001,CASH001,4584435.06,0.0,0.0,4584435.06,3984435.06,970000.0,3014435.06,FUTURE_STREAMING
2026-12-31,TATA001,CASH001,4584435.06,276621.87,0.0,4861056.93,4261056.93,970000.0,3291056.93,FUTURE_STREAMING
