alternative_id,decision_id,action,score,cost,benefit,liquidity_impact,risk
DAD6CF005C,DECA52389B0,PAY_NOW,0.85,1075759.47,624451.1,0.23,0.47
DA9E1904B0,DECA52389B0,PAY_AT_MATURITY,0.7,400329.43,963126.12,0.08,0.88
DAF45FCCBF,DECA52389B0,DELAY_PAYMENT,0.34,504957.1,915216.09,0.17,0.33
DA21556A4E,DECA52389B0,CAPTURE_DISCOUNT,0.77,1180490.67,924642.52,-0.04,0.81
DA2BA10661,DECA52389B0,BANK_FINANCE,0.59,907369.41,561968.91,0.09,0.22
DA4B674D7F,DECA52389B0,SUPPLIER_FINANCE,0.57,670769.94,394414.79,0.06,0.36
DAE518735C,DECA52389B0,RETAIN_CASH,0.24,1202471.87,207858.3,-0.04,0.79
DA5F1255FB,DEC72D5ADE7,PAY_NOW,0.83,1869420.6,810267.81,-0.12,0.89
DAD6E34E11,DEC72D5ADE7,PAY_AT_MATURITY,0.85,2111010.93,1001635.44,-0.21,0.62
DA2F523BEC,DEC72D5ADE7,DELAY_PAYMENT,0.32,1293216.27,987213.69,-0.02,0.62
DAC50BB848,DEC72D5ADE7,CAPTURE_DISCOUNT,0.13,1363146.13,839145.05,-0.17,0.71
DAEAB1E3BD,DEC72D5ADE7,BANK_FINANCE,0.73,1985747.22,254420.48,-0.04,0.75
DA8B2A50D5,DEC72D5ADE7,SUPPLIER_FINANCE,0.86,628472.82,307292.21,-0.13,0.2
DA1DE785C3,DEC72D5ADE7,RETAIN_CASH,0.77,1401948.2,824240.52,-0.13,0.52
DAE9499166,DEC87D0FDE7,PAY_NOW,0.86,1830679.77,586330.68,-0.06,0.43
DADD1D000D,DEC87D0FDE7,PAY_AT_MATURITY,0.3,2075619.37,479250.78,-0.23,0.35
DA4953AB4E,DEC87D0FDE7,DELAY_PAYMENT,0.48,1189377.83,549790.62,0.3,0.35
DA0C82431E,DEC87D0FDE7,CAPTURE_DISCOUNT,0.59,2089242.46,610165.28,-0.12,0.76
DAA99DF90F,DEC87D0FDE7,BANK_FINANCE,0.55,512007.09,473007.99,-0.24,0.49
DA4C7F6A60,DEC87D0FDE7,SUPPLIER_FINANCE,0.13,1819494.46,850443.39,0.17,0.66
DA3CD001C7,DEC87D0FDE7,RETAIN_CASH,0.57,1601467.45,487787.74,0.02,0.19
DA67672C92,DECF8746680,PAY_NOW,0.85,823148.5,113448.82,0.24,0.62
DAAAB491A0,DECF8746680,PAY_AT_MATURITY,0.69,953057.91,122375.08,-0.05,0.31
DA2994B687,DECF8746680,DELAY_PAYMENT,0.11,305730.88,100476.92,-0.09,0.89
DA34399FFC,DECF8746680,CAPTURE_DISCOUNT,0.76,716933.81,264648.92,0.16,0.31
DA3200D8A4,DECF8746680,BANK_FINANCE,0.77,823471.1,139373.17,-0.17,0.76
DA194C531E,DECF8746680,SUPPLIER_FINANCE,0.32,588862.52,459031.7,-0.19,0.22
DA25388669,DECF8746680,RETAIN_CASH,0.12,353863.55,295417.0,0.08,0.42
DA60AA8931,DEC26ADBBBC,PAY_NOW,0.81,1904021.57,723637.83,-0.25,0.37
DAF18A3396,DEC26ADBBBC,PAY_AT_MATURITY,0.59,1317407.0,892171.39,0.27,0.12
DA5EB8FE4C,DEC26ADBBBC,DELAY_PAYMENT,0.1,959922.41,612121.58,-0.05,0.36
DA751A5A61,DEC26ADBBBC,CAPTURE_DISCOUNT,0.57,1631708.04,667255.52,-0.15,0.5
DA217B3114,DEC26ADBBBC,BANK_FINANCE,0.69,1483938.83,375696.97,-0.27,0.55
DAC8989736,DEC26ADBBBC,SUPPLIER_FINANCE,0.88,765197.6,289852.69,0.05,0.12
DABE6DC953,DEC26ADBBBC,RETAIN_CASH,0.73,602660.12,851898.11,-0.08,0.78
DA7C33D4F2,DEC5300446A,PAY_NOW,0.87,3393986.03,1558371.03,0.28,0.66
DAA1CF713F,DEC5300446A,PAY_AT_MATURITY,0.29,1907522.23,1674530.76,0.07,0.77
DA342453CE,DEC5300446A,DELAY_PAYMENT,0.25,1084473.93,1184518.31,0.1,0.41
DA24F2235A,DEC5300446A,CAPTURE_DISCOUNT,0.55,723035.84,1331546.67,-0.04,0.88
DA1ABCCA64,DEC5300446A,BANK_FINANCE,0.82,2401765.21,1509691.42,-0.21,0.39
DA943A7547,DEC5300446A,SUPPLIER_FINANCE,0.17,782352.86,956940.51,0.06,0.57
DA256A9C1E,DEC5300446A,RETAIN_CASH,0.2,1487881.92,399733.48,0.25,0.3
DA9CFF9ECA,DEC9992603A,PAY_NOW,0.86,504099.18,342729.16,0.13,0.63
DA4F1B630A,DEC9992603A,PAY_AT_MATURITY,0.14,1815939.99,507221.4,-0.23,0.16
DA07245662,DEC9992603A,DELAY_PAYMENT,0.89,613109.92,984121.95,-0.07,0.68
DA06BCBC47,DEC9992603A,CAPTURE_DISCOUNT,0.32,1315043.53,1114126.7,0.15,0.31
DA1C5B4119,DEC9992603A,BANK_FINANCE,0.32,1702523.94,938426.74,0.22,0.49
DAD0633512,DEC9992603A,SUPPLIER_FINANCE,0.1,2634581.84,1317878.78,-0.22,0.64
DA511D7918,DEC9992603A,RETAIN_CASH,0.72,574298.88,1022918.41,0.23,0.82
DA770102B5,DEC2DC16D8F,PAY_NOW,0.83,3628842.83,1865308.85,0.19,0.81
DAF21E8BCD,DEC2DC16D8F,PAY_AT_MATURITY,0.42,4699361.55,1459413.9,-0.28,0.17
DAB15D2055,DEC2DC16D8F,DELAY_PAYMENT,0.22,986171.0,1908822.74,0.18,0.89
DAC7A40345,DEC2DC16D8F,CAPTURE_DISCOUNT,0.68,4754805.31,2225012.11,0.2,0.89
DADFA4F884,DEC2DC16D8F,BANK_FINANCE,0.52,2774921.65,1767617.94,0.21,0.76
DA2BE6DE76,DEC2DC16D8F,SUPPLIER_FINANCE,0.84,3484025.33,1617734.96,0.04,0.46
DA9DB37405,DEC2DC16D8F,RETAIN_CASH,0.14,4420567.89,885706.4,-0.22,0.26
DA99E455E6,DECB1A8819E,PAY_NOW,0.85,1357832.48,1186100.16,-0.29,0.38
DAD3797A40,DECB1A8819E,PAY_AT_MATURITY,0.61,1308108.97,477142.62,0.18,0.42
DABE729157,DECB1A8819E,DELAY_PAYMENT,0.39,2171917.08,1313619.18,-0.26,0.84
DA05705F20,DECB1A8819E,CAPTURE_DISCOUNT,0.5,1854360.44,296434.75,0.11,0.17
DA0DA56A5A,DECB1A8819E,BANK_FINANCE,0.16,3327735.53,1737061.83,-0.03,0.86
DA177EC699,DECB1A8819E,SUPPLIER_FINANCE,0.77,1605976.99,1056004.25,0.04,0.69
DA132C9365,DECB1A8819E,RETAIN_CASH,0.34,1601237.5,1433720.29,-0.02,0.21
DA5D174A59,DEC0B7AF2B4,PAY_NOW,0.76,340457.15,65945.24,0.27,0.5
DA7F4FCF68,DEC0B7AF2B4,PAY_AT_MATURITY,0.76,119074.71,182469.34,-0.15,0.84
DAA6AE6A3C,DEC0B7AF2B4,DELAY_PAYMENT,0.31,297813.09,110581.78,0.17,0.89
DA9AA5FCF4,DEC0B7AF2B4,CAPTURE_DISCOUNT,0.38,228308.73,113654.42,0.11,0.55
DA852EC6E9,DEC0B7AF2B4,BANK_FINANCE,0.17,129478.28,186900.95,-0.08,0.38
DAA417B075,DEC0B7AF2B4,SUPPLIER_FINANCE,0.88,254705.53,67932.43,0.08,0.76
DACF247197,DEC0B7AF2B4,RETAIN_CASH,0.21,373750.13,162758.71,-0.22,0.45
DA1FACCDBA,DEC69DB571C,PAY_NOW,0.9,2743079.61,923528.88,0.1,0.16
DA5D7134D8,DEC69DB571C,PAY_AT_MATURITY,0.79,2340324.16,1441818.7,-0.27,0.85
DA2E1B835C,DEC69DB571C,DELAY_PAYMENT,0.54,1786817.53,269526.39,0.28,0.38
DAACB69B0D,DEC69DB571C,CAPTURE_DISCOUNT,0.56,2924130.56,1347538.32,-0.16,0.64
DA0EF7EA71,DEC69DB571C,BANK_FINANCE,0.15,3419286.02,1821078.42,0.05,0.67
DA4DADF200,DEC69DB571C,SUPPLIER_FINANCE,0.86,1345052.06,700754.33,-0.06,0.86
DA443E83C5,DEC69DB571C,RETAIN_CASH,0.55,2392313.59,1790765.69,0.03,0.54
DA6C24635C,DEC317C999C,PAY_NOW,0.52,550247.83,242885.99,-0.17,0.67
DA4A625ABF,DEC317C999C,PAY_AT_MATURITY,0.72,268715.41,263651.37,-0.18,0.44
DA755F0DFD,DEC317C999C,DELAY_PAYMENT,0.63,1524936.47,361141.13,0.11,0.42
DAED43CEC0,DEC317C999C,CAPTURE_DISCOUNT,0.89,1289738.17,356436.85,-0.28,0.79
DA71C1DE36,DEC317C999C,BANK_FINANCE,0.1,853493.79,134625.53,0.04,0.77
DA07F10FF3,DEC317C999C,SUPPLIER_FINANCE,0.16,956925.99,155310.1,-0.22,0.61
DA4B3E9A63,DEC317C999C,RETAIN_CASH,0.25,1096956.12,102772.69,0.3,0.61
DA46B776BF,DECEAE7B656,PAY_NOW,0.44,527791.45,379423.1,0.21,0.37
DA3F7E19B2,DECEAE7B656,PAY_AT_MATURITY,0.82,471902.63,997215.46,0.27,0.34
DA8E4E199B,DECEAE7B656,DELAY_PAYMENT,0.75,1030153.29,311387.52,-0.27,0.81
DACBAD1C9F,DECEAE7B656,CAPTURE_DISCOUNT,0.3,748618.05,415384.92,0.26,0.85
DA42348AE0,DECEAE7B656,BANK_FINANCE,0.68,1058766.41,168348.51,0.02,0.7
DA445FB169,DECEAE7B656,SUPPLIER_FINANCE,0.64,1664302.55,585627.47,0.16,0.4
DA9C77C012,DECEAE7B656,RETAIN_CASH,0.56,1646891.8,492446.54,0.02,0.51
DA53BB5630,DEC2990B0F1,PAY_NOW,0.82,2514538.21,2070870.32,0.28,0.78
DA26861D0A,DEC2990B0F1,PAY_AT_MATURITY,0.8,1406195.54,1624434.74,-0.04,0.62
DAD206AB1B,DEC2990B0F1,DELAY_PAYMENT,0.14,2749399.07,1196761.46,-0.12,0.55
DA7F5C8010,DEC2990B0F1,CAPTURE_DISCOUNT,0.14,1939485.34,1585687.72,-0.08,0.59
DAA5A97C1C,DEC2990B0F1,BANK_FINANCE,0.84,2283135.15,533087.82,0.02,0.71
DA0E7B1B53,DEC2990B0F1,SUPPLIER_FINANCE,0.45,1350908.84,1575158.4,0.13,0.81
DA118D7338,DEC2990B0F1,RETAIN_CASH,0.69,1874540.08,1637261.18,0.09,0.73
DA7F58ADB7,DECAF637E93,PAY_NOW,0.21,883586.88,625846.48,0.01,0.57
DAC1BC2663,DECAF637E93,PAY_AT_MATURITY,0.76,1515935.45,155592.5,-0.09,0.24
DA11CA3F54,DECAF637E93,DELAY_PAYMENT,0.83,438025.27,527035.43,-0.12,0.32
DABE9D2284,DECAF637E93,CAPTURE_DISCOUNT,0.65,1270236.26,521407.07,0.21,0.67
DAD2B0CC2C,DECAF637E93,BANK_FINANCE,0.76,234104.1,781906.49,0.17,0.49
DA32E27E84,DECAF637E93,SUPPLIER_FINANCE,0.41,667597.99,823116.06,-0.19,0.41
DA21D98344,DECAF637E93,RETAIN_CASH,0.64,402574.44,638700.8,-0.17,0.71
DA9AFF6F0C,DEC4321C084,PAY_NOW,0.9,1134727.01,769070.76,0.1,0.6
DA93DCD0DC,DEC4321C084,PAY_AT_MATURITY,0.51,1224989.34,142478.55,-0.06,0.6
DA08858501,DEC4321C084,DELAY_PAYMENT,0.57,254853.41,264931.23,-0.02,0.47
DA62456948,DEC4321C084,CAPTURE_DISCOUNT,0.19,263016.48,307940.86,0.22,0.83
DAD3A23A30,DEC4321C084,BANK_FINANCE,0.87,409572.04,304824.15,0.03,0.9
DA11874261,DEC4321C084,SUPPLIER_FINANCE,0.51,882018.65,181906.28,0.0,0.71
DA29DECFF5,DEC4321C084,RETAIN_CASH,0.87,524239.56,736633.75,-0.18,0.31
DA92F1EA71,DECAF0CE59C,PAY_NOW,0.91,305691.14,98019.84,-0.02,0.65
DA813DADDD,DECAF0CE59C,PAY_AT_MATURITY,0.85,276263.13,310253.54,0.13,0.45
DADE548E12,DECAF0CE59C,DELAY_PAYMENT,0.83,595488.79,104555.91,0.02,0.7
DA39E3E3B9,DECAF0CE59C,CAPTURE_DISCOUNT,0.73,704320.16,70037.95,-0.28,0.77
DA31CD1C34,DECAF0CE59C,BANK_FINANCE,0.57,861468.19,152830.32,0.23,0.88
DA1735740F,DECAF0CE59C,SUPPLIER_FINANCE,0.65,271913.2,445257.57,0.07,0.54
DA4BA2A805,DECAF0CE59C,RETAIN_CASH,0.71,405046.83,481743.82,0.05,0.46
DAF5A34D70,DEC8636377E,PAY_NOW,0.89,1932789.13,468783.6,0.0,0.4
DA0F4178CB,DEC8636377E,PAY_AT_MATURITY,0.39,2039868.88,831814.1,0.19,0.74
DABE877A3C,DEC8636377E,DELAY_PAYMENT,0.87,3453455.92,1764701.69,-0.23,0.22
DA55F36180,DEC8636377E,CAPTURE_DISCOUNT,0.6,1424601.61,1993411.5,0.05,0.74
DAB7A6C595,DEC8636377E,BANK_FINANCE,0.82,2256425.39,646201.58,-0.21,0.19
DA350048C1,DEC8636377E,SUPPLIER_FINANCE,0.41,2241288.79,510926.52,-0.12,0.52
DAD4C34D78,DEC8636377E,RETAIN_CASH,0.47,1572349.28,1105597.82,-0.03,0.12
DA30D5D12C,DEC0CC3BE30,PAY_NOW,0.91,3682568.81,783015.12,-0.08,0.11
DA465A2F6C,DEC0CC3BE30,PAY_AT_MATURITY,0.32,1356023.25,729400.89,0.07,0.16
DA20C58A8B,DEC0CC3BE30,DELAY_PAYMENT,0.83,1413369.05,1965671.59,-0.07,0.3
DA5F3AECFA,DEC0CC3BE30,CAPTURE_DISCOUNT,0.46,3744397.55,693399.09,0.13,0.74
DA3B139447,DEC0CC3BE30,BANK_FINANCE,0.36,1875718.61,1413946.74,0.01,0.51
DA251DA877,DEC0CC3BE30,SUPPLIER_FINANCE,0.88,3535611.97,1697200.4,0.05,0.56
DA288D1E60,DEC0CC3BE30,RETAIN_CASH,0.88,3699615.64,1217667.75,-0.13,0.28
DACB34E169,DEC9B9B4978,PAY_NOW,0.92,1177832.55,2051325.69,-0.24,0.83
DA0AB719D8,DEC9B9B4978,PAY_AT_MATURITY,0.6,4024852.91,1253610.02,-0.19,0.42
DAD835F4A6,DEC9B9B4978,DELAY_PAYMENT,0.84,3979423.12,805080.06,-0.05,0.16
DA3A3AEC37,DEC9B9B4978,CAPTURE_DISCOUNT,0.25,4333044.6,2172528.91,0.19,0.3
DA15ACAB48,DEC9B9B4978,BANK_FINANCE,0.49,732397.6,1369920.2,0.19,0.49
DAE373848E,DEC9B9B4978,SUPPLIER_FINANCE,0.82,3969975.31,1614388.56,0.14,0.74
DA8EB162DE,DEC9B9B4978,RETAIN_CASH,0.21,3197662.2,1301632.8,-0.3,0.74
DAFD2A64FD,DECE331C7EF,PAY_NOW,0.93,448326.46,598411.35,-0.25,0.34
DA56D81754,DECE331C7EF,PAY_AT_MATURITY,0.25,350698.09,615676.89,-0.1,0.12
DA42266803,DECE331C7EF,DELAY_PAYMENT,0.19,462580.92,275451.1,-0.24,0.84
DA0D04970A,DECE331C7EF,CAPTURE_DISCOUNT,0.7,1122117.87,355988.73,0.28,0.28
DADB7E4004,DECE331C7EF,BANK_FINANCE,0.56,1300764.53,516149.41,-0.19,0.54
DADC870790,DECE331C7EF,SUPPLIER_FINANCE,0.4,885031.0,104622.66,0.05,0.87
DAFFBB4F94,DECE331C7EF,RETAIN_CASH,0.8,1280221.9,572974.46,0.27,0.56
DA68222D3F,DECA73D8B1B,PAY_NOW,0.81,3323514.2,694617.68,0.3,0.26
DAE4F726F6,DECA73D8B1B,PAY_AT_MATURITY,0.26,553019.69,1004000.18,-0.19,0.43
DA0E325034,DECA73D8B1B,DELAY_PAYMENT,0.19,3536316.32,1523893.93,0.22,0.56
DAA8F6EB1D,DECA73D8B1B,CAPTURE_DISCOUNT,0.74,3594438.45,1999729.44,0.25,0.4
DA09E2E66B,DECA73D8B1B,BANK_FINANCE,0.8,557220.84,877933.16,-0.16,0.43
DAEB43473C,DECA73D8B1B,SUPPLIER_FINANCE,0.2,1473574.35,598913.17,-0.28,0.68
DA042FDD2E,DECA73D8B1B,RETAIN_CASH,0.58,1279296.9,1091252.18,0.05,0.22
DA6C7AB94E,DEC907A3FC7,PAY_NOW,0.92,1787757.45,2038396.43,-0.15,0.19
DA5FE77A8C,DEC907A3FC7,PAY_AT_MATURITY,0.14,572242.35,967466.9,0.01,0.75
DA3C422121,DEC907A3FC7,DELAY_PAYMENT,0.2,4174367.57,615959.59,0.06,0.16
DA57E02490,DEC907A3FC7,CAPTURE_DISCOUNT,0.22,1995525.25,1485972.7,0.16,0.2
DAFD2FA39D,DEC907A3FC7,BANK_FINANCE,0.4,2686750.13,1744789.62,0.28,0.64
DAA3323D71,DEC907A3FC7,SUPPLIER_FINANCE,0.3,1974452.41,1959758.28,-0.11,0.36
DA84321E50,DEC907A3FC7,RETAIN_CASH,0.82,4396654.72,2214134.56,0.2,0.18
DA7452623D,DECC033E377,PAY_NOW,0.81,1405638.8,816012.49,0.29,0.12
DA3B2626B0,DECC033E377,PAY_AT_MATURITY,0.62,814392.1,692696.37,0.15,0.29
DA6E3EE217,DECC033E377,DELAY_PAYMENT,0.65,1400242.65,243379.04,0.17,0.3
DA8BE43E0C,DECC033E377,CAPTURE_DISCOUNT,0.16,1005979.84,229637.32,-0.26,0.37
DA24225967,DECC033E377,BANK_FINANCE,0.17,2065155.04,450779.63,-0.02,0.5
DAA9F3DA80,DECC033E377,SUPPLIER_FINANCE,0.63,1607636.57,924665.3,-0.04,0.82
DA30F9EDC1,DECC033E377,RETAIN_CASH,0.6,1416409.09,1034572.24,0.0,0.18
DAE1F725F6,DEC18ABA2AB,PAY_NOW,0.89,601039.41,293449.46,-0.15,0.8
DA188CA9D4,DEC18ABA2AB,PAY_AT_MATURITY,0.24,1192380.25,148663.96,-0.08,0.24
DAAF6B539E,DEC18ABA2AB,DELAY_PAYMENT,0.24,996604.06,167214.74,0.21,0.26
DA42861DA0,DEC18ABA2AB,CAPTURE_DISCOUNT,0.15,1224852.81,127717.77,-0.1,0.18
DAA4FE4687,DEC18ABA2AB,BANK_FINANCE,0.88,255748.57,340686.01,0.08,0.45
DA5E660FB8,DEC18ABA2AB,SUPPLIER_FINANCE,0.4,766147.07,280625.88,0.13,0.21
DADF4B312D,DEC18ABA2AB,RETAIN_CASH,0.35,1573524.21,500022.01,0.02,0.23
DA848CD15E,DEC7D2FD67C,PAY_NOW,0.87,609637.92,313220.55,-0.04,0.64
DAD0BCA9F8,DEC7D2FD67C,PAY_AT_MATURITY,0.34,579994.01,346248.4,0.12,0.53
DAF7071379,DEC7D2FD67C,DELAY_PAYMENT,0.86,785557.79,278334.24,-0.24,0.13
DA33BA40FF,DEC7D2FD67C,CAPTURE_DISCOUNT,0.35,560373.91,197448.26,0.13,0.83
DA4ED930B0,DEC7D2FD67C,BANK_FINANCE,0.51,825580.86,233078.86,0.19,0.59
DABCD3A029,DEC7D2FD67C,SUPPLIER_FINANCE,0.16,747487.49,386981.93,0.2,0.32
DA8F0EADE7,DEC7D2FD67C,RETAIN_CASH,0.87,511610.72,243986.16,0.04,0.8
DA33ACEC8E,DEC384CCBFD,PAY_NOW,0.81,2227019.11,1202027.5,0.15,0.65
DAAECB5AAD,DEC384CCBFD,PAY_AT_MATURITY,0.14,1001099.12,1138274.44,-0.12,0.63
DAAEB7FC7F,DEC384CCBFD,DELAY_PAYMENT,0.22,2688355.27,804766.21,-0.07,0.34
DA24FFE631,DEC384CCBFD,CAPTURE_DISCOUNT,0.4,1929118.66,288254.28,0.28,0.59
DA584F231A,DEC384CCBFD,BANK_FINANCE,0.55,1730435.0,1142987.77,0.18,0.14
DA669E94FD,DEC384CCBFD,SUPPLIER_FINANCE,0.32,1286443.45,1674691.65,-0.18,0.45
DACE9D645A,DEC384CCBFD,RETAIN_CASH,0.28,2861276.05,465496.12,-0.21,0.2
DA97F8DCA6,DEC4EDD8622,PAY_NOW,0.9,1107155.93,1484867.12,-0.07,0.72
DA3D8DB7E5,DEC4EDD8622,PAY_AT_MATURITY,0.17,715310.24,1791231.19,-0.27,0.71
DA63C23A9B,DEC4EDD8622,DELAY_PAYMENT,0.18,1630908.87,469016.89,-0.05,0.85
DA4A032E91,DEC4EDD8622,CAPTURE_DISCOUNT,0.85,2647234.51,1261487.12,-0.12,0.9
DAB3C6E3B8,DEC4EDD8622,BANK_FINANCE,0.23,3379652.34,838153.41,0.01,0.67
DAFD4754AB,DEC4EDD8622,SUPPLIER_FINANCE,0.6,4011669.11,1400480.1,0.13,0.41
DA2113ABAC,DEC4EDD8622,RETAIN_CASH,0.62,2432489.4,1709400.76,0.05,0.34
DA14D46B49,DECB02EA059,PAY_NOW,0.83,3521430.81,961264.03,0.1,0.71
DA53B7EF1C,DECB02EA059,PAY_AT_MATURITY,0.53,1120443.64,1389795.39,0.23,0.33
DA6D27A426,DECB02EA059,DELAY_PAYMENT,0.29,2966288.6,1827055.01,-0.23,0.25
DA53C502AC,DECB02EA059,CAPTURE_DISCOUNT,0.7,656289.02,1407007.11,-0.09,0.72
DA39BD78E9,DECB02EA059,BANK_FINANCE,0.85,1722782.47,756018.53,-0.09,0.53
DAF034EB0D,DECB02EA059,SUPPLIER_FINANCE,0.11,3607338.84,547157.03,0.1,0.18
DA4A6CB587,DECB02EA059,RETAIN_CASH,0.53,2466967.27,1265678.35,0.21,0.83
DA85A748B9,DEC33A8F58E,PAY_NOW,0.91,1530913.69,1044859.84,-0.08,0.68
DA2FA043D8,DEC33A8F58E,PAY_AT_MATURITY,0.61,518792.9,847512.09,0.08,0.56
DA026AEDE8,DEC33A8F58E,DELAY_PAYMENT,0.78,984262.07,249031.8,-0.12,0.41
DA5BD7E843,DEC33A8F58E,CAPTURE_DISCOUNT,0.89,2360074.39,632769.26,-0.01,0.7
DAA322BC77,DEC33A8F58E,BANK_FINANCE,0.26,584121.09,1242205.7,-0.05,0.32
DAF8BD1EBA,DEC33A8F58E,SUPPLIER_FINANCE,0.16,1855221.47,971681.11,-0.23,0.2
DAB69D70C9,DEC33A8F58E,RETAIN_CASH,0.25,2103763.89,1269290.16,0.1,0.22
DAFF3A42EE,DEC221D5A9A,PAY_NOW,0.86,1296097.68,2325452.5,0.01,0.22
DAC247D5CA,DEC221D5A9A,PAY_AT_MATURITY,0.31,2764017.38,2096094.17,0.11,0.38
DA6C572CF0,DEC221D5A9A,DELAY_PAYMENT,0.81,1926662.04,2060661.6,-0.05,0.31
DA2A43B656,DEC221D5A9A,CAPTURE_DISCOUNT,0.58,4683842.0,1646189.43,-0.14,0.84
DA42B5B417,DEC221D5A9A,BANK_FINANCE,0.31,1061448.36,2073305.96,0.27,0.62
DADFACB234,DEC221D5A9A,SUPPLIER_FINANCE,0.27,3250000.16,2008199.72,0.27,0.81
DAE23B1D9A,DEC221D5A9A,RETAIN_CASH,0.28,944069.63,648708.41,-0.11,0.29
DA8702986C,DECC8A9DB68,PAY_NOW,0.84,1059440.47,539344.42,0.3,0.37
DA939C9D24,DECC8A9DB68,PAY_AT_MATURITY,0.62,1703662.44,303311.48,-0.22,0.37
DA02C68B0F,DECC8A9DB68,DELAY_PAYMENT,0.25,909356.99,142442.26,0.2,0.3
DA837E8404,DECC8A9DB68,CAPTURE_DISCOUNT,0.14,939501.14,330387.36,0.11,0.63
DAEFAA50DF,DECC8A9DB68,BANK_FINANCE,0.76,624681.88,755339.45,0.24,0.62
DA49740616,DECC8A9DB68,SUPPLIER_FINANCE,0.19,660132.4,669183.1,0.01,0.17
DA95DEB761,DECC8A9DB68,RETAIN_CASH,0.51,533011.46,182161.46,0.07,0.59
DA142AF77D,DEC99B8425A,PAY_NOW,0.95,2422638.0,307122.76,0.03,0.11
DAB7E6B68F,DEC99B8425A,PAY_AT_MATURITY,0.54,1629611.97,1458619.23,0.0,0.75
DAC31DDCA1,DEC99B8425A,DELAY_PAYMENT,0.38,1006454.37,706494.95,0.15,0.69
DA9B52C423,DEC99B8425A,CAPTURE_DISCOUNT,0.45,2724094.81,1469488.95,0.14,0.53
DA9B67B0DC,DEC99B8425A,BANK_FINANCE,0.27,638353.7,420855.36,0.04,0.86
DAFEE1D8DD,DEC99B8425A,SUPPLIER_FINANCE,0.16,538967.16,236317.9,-0.1,0.39
DA721DC31A,DEC99B8425A,RETAIN_CASH,0.3,1318685.53,1171539.47,0.18,0.22
DA01A0D6E5,DEC7132C91B,PAY_NOW,0.85,2475191.77,395955.76,0.29,0.79
DA17F1A876,DEC7132C91B,PAY_AT_MATURITY,0.69,2495805.6,216763.72,0.03,0.75
DA9259DB2E,DEC7132C91B,DELAY_PAYMENT,0.4,654008.89,692914.81,0.23,0.22
DAB3A75BA2,DEC7132C91B,CAPTURE_DISCOUNT,0.71,1669565.39,1083506.7,-0.21,0.73
DACA0C0924,DEC7132C91B,BANK_FINANCE,0.29,1309836.71,1060525.92,0.22,0.17
DAC0E788FE,DEC7132C91B,SUPPLIER_FINANCE,0.18,2527268.52,1285434.34,0.18,0.4
DA54EDCEFE,DEC7132C91B,RETAIN_CASH,0.8,2939303.33,424306.64,0.21,0.13
DAB4151731,DEC28E77477,PAY_NOW,0.88,1061704.84,211696.67,0.29,0.42
DA86CCD7A9,DEC28E77477,PAY_AT_MATURITY,0.19,1073954.37,141882.24,0.09,0.7
DAA49840EC,DEC28E77477,DELAY_PAYMENT,0.54,1050298.55,538874.37,-0.26,0.68
DAFE33DD49,DEC28E77477,CAPTURE_DISCOUNT,0.23,202233.26,712245.11,0.09,0.77
DA012C5258,DEC28E77477,BANK_FINANCE,0.89,930450.4,114917.69,0.25,0.2
DA62F8EB3F,DEC28E77477,SUPPLIER_FINANCE,0.64,1197605.68,173184.85,-0.17,0.64
DAA3DC3899,DEC28E77477,RETAIN_CASH,0.53,510497.91,363075.32,0.19,0.76
DAB19A4E58,DEC1EBB54E5,PAY_NOW,0.94,733294.82,920945.92,0.27,0.16
DA95F04BC8,DEC1EBB54E5,PAY_AT_MATURITY,0.17,537890.62,970962.49,0.04,0.36
DA6966AB3F,DEC1EBB54E5,DELAY_PAYMENT,0.33,2047804.34,808151.97,-0.26,0.55
DAC009E4DF,DEC1EBB54E5,CAPTURE_DISCOUNT,0.56,1381614.85,926758.55,0.03,0.63
DAD3870C4B,DEC1EBB54E5,BANK_FINANCE,0.64,431746.79,163122.91,-0.05,0.11
DA555DEED2,DEC1EBB54E5,SUPPLIER_FINANCE,0.87,568209.61,859888.5,-0.09,0.79
DA6F6070BE,DEC1EBB54E5,RETAIN_CASH,0.14,694162.63,685075.15,-0.3,0.2
DA4AAEBF2A,DEC29310234,PAY_NOW,0.85,1170737.66,569519.35,-0.01,0.83
DABC5BA219,DEC29310234,PAY_AT_MATURITY,0.81,1193023.79,633779.31,0.3,0.66
DA1307A32F,DEC29310234,DELAY_PAYMENT,0.77,1421503.8,218562.13,-0.19,0.37
DA5409D114,DEC29310234,CAPTURE_DISCOUNT,0.39,813057.0,697304.9,-0.3,0.28
DA01A4713D,DEC29310234,BANK_FINANCE,0.76,2399698.59,625372.52,-0.07,0.27
DA37972906,DEC29310234,SUPPLIER_FINANCE,0.11,725027.85,1113537.56,0.04,0.84
DA62ABE09A,DEC29310234,RETAIN_CASH,0.62,3241201.62,1298773.05,0.17,0.83
DA9689A0B7,DECC851FF97,PAY_NOW,0.86,1407942.45,963840.42,-0.24,0.43
DAEB3FCFE8,DECC851FF97,PAY_AT_MATURITY,0.13,1614461.14,875597.8,0.3,0.84
DAF95CB828,DECC851FF97,DELAY_PAYMENT,0.52,894419.71,316362.13,0.12,0.22
DA013C9D5E,DECC851FF97,CAPTURE_DISCOUNT,0.79,3918242.28,756993.04,-0.23,0.51
DA7304DDA4,DECC851FF97,BANK_FINANCE,0.31,2001189.3,1133954.41,0.01,0.1
DA85B9DFCC,DECC851FF97,SUPPLIER_FINANCE,0.4,2197207.38,382145.31,0.1,0.6
DAE821CDFF,DECC851FF97,RETAIN_CASH,0.7,2401363.89,1250312.21,0.23,0.24
DA5CBB5E7A,DEC070A31D2,PAY_NOW,0.81,399317.18,646121.53,0.04,0.47
DAD2B6E128,DEC070A31D2,PAY_AT_MATURITY,0.33,615030.55,294988.81,-0.28,0.75
DA2A064015,DEC070A31D2,DELAY_PAYMENT,0.77,451847.73,142984.74,0.02,0.13
DA5A167F13,DEC070A31D2,CAPTURE_DISCOUNT,0.3,912710.37,747425.57,0.11,0.71
DACEB2A85A,DEC070A31D2,BANK_FINANCE,0.81,800236.2,555253.38,-0.27,0.28
DA06021C67,DEC070A31D2,SUPPLIER_FINANCE,0.27,1032807.66,167543.36,0.17,0.2
DA0314EB04,DEC070A31D2,RETAIN_CASH,0.59,1090841.63,293784.93,-0.02,0.83
DA8BBC0888,DEC7FF066C0,PAY_NOW,0.95,875262.41,653755.79,-0.07,0.53
DAA9763391,DEC7FF066C0,PAY_AT_MATURITY,0.29,1234044.5,328280.62,-0.16,0.77
DAB2721E08,DEC7FF066C0,DELAY_PAYMENT,0.31,1951054.72,1356383.97,-0.24,0.82
DAD0FF3E5A,DEC7FF066C0,CAPTURE_DISCOUNT,0.41,1478515.05,1356277.26,-0.05,0.63
DA25DE1AAA,DEC7FF066C0,BANK_FINANCE,0.24,2448517.87,1018201.63,0.11,0.63
DACEA4250C,DEC7FF066C0,SUPPLIER_FINANCE,0.74,834539.09,1273079.03,-0.13,0.82
DACDD8692E,DEC7FF066C0,RETAIN_CASH,0.66,1741729.99,1503459.73,-0.22,0.34
DA65657157,DECAD984735,PAY_NOW,0.8,2617205.77,1553715.48,-0.09,0.11
DAB562012E,DECAD984735,PAY_AT_MATURITY,0.39,4116902.32,509637.67,0.28,0.76
DA5B342A0E,DECAD984735,DELAY_PAYMENT,0.28,696050.35,2020925.29,-0.09,0.74
DA400F59AE,DECAD984735,CAPTURE_DISCOUNT,0.59,1124549.58,772203.65,-0.21,0.67
DADA1B21D2,DECAD984735,BANK_FINANCE,0.25,3443383.56,1322512.2,-0.3,0.34
DA31324071,DECAD984735,SUPPLIER_FINANCE,0.24,4443756.64,1444131.06,0.05,0.44
DA881CE663,DECAD984735,RETAIN_CASH,0.83,1071645.54,308583.1,-0.27,0.32
DA76D58104,DEC9D7B2572,PAY_NOW,0.89,3465081.15,2141545.04,0.27,0.51
DA71B520E5,DEC9D7B2572,PAY_AT_MATURITY,0.19,2470620.41,1281420.46,0.03,0.64
DABBD27939,DEC9D7B2572,DELAY_PAYMENT,0.24,719717.62,1844796.7,0.29,0.42
DA16710984,DEC9D7B2572,CAPTURE_DISCOUNT,0.71,3337290.62,903584.31,-0.25,0.27
DA64589509,DEC9D7B2572,BANK_FINANCE,0.53,4038664.37,923253.05,0.3,0.44
DADED07E65,DEC9D7B2572,SUPPLIER_FINANCE,0.84,578752.63,547123.16,0.23,0.79
DA6CDA9A57,DEC9D7B2572,RETAIN_CASH,0.8,994092.62,1919666.57,-0.15,0.42
DA96C7EE19,DECFBC1AF98,PAY_NOW,0.91,1455546.78,606443.6,-0.06,0.12
DAE9106433,DECFBC1AF98,PAY_AT_MATURITY,0.34,1168016.83,120413.16,0.23,0.39
DA365DF3AB,DECFBC1AF98,DELAY_PAYMENT,0.44,981245.19,710067.19,-0.08,0.63
DA8EE80B80,DECFBC1AF98,CAPTURE_DISCOUNT,0.74,203195.39,385184.78,0.29,0.62
DAA8FABACB,DECFBC1AF98,BANK_FINANCE,0.49,729695.6,534163.13,0.06,0.13
DABA35D83D,DECFBC1AF98,SUPPLIER_FINANCE,0.74,869797.64,504171.47,0.08,0.11
DA5D7E057E,DECFBC1AF98,RETAIN_CASH,0.76,465216.15,449643.74,-0.16,0.51
DA1201FA8E,DECE30E16F1,PAY_NOW,0.87,1508381.82,1096378.1,-0.05,0.15
DA29AF0A65,DECE30E16F1,PAY_AT_MATURITY,0.44,1189940.66,1252519.66,-0.1,0.56
DA990C0959,DECE30E16F1,DELAY_PAYMENT,0.25,1762431.58,421587.37,-0.03,0.7
DA613FC024,DECE30E16F1,CAPTURE_DISCOUNT,0.87,2337723.65,1349388.8,-0.12,0.43
DA40D9EEFF,DECE30E16F1,BANK_FINANCE,0.77,1301923.48,1202770.23,0.17,0.16
DAABE7123C,DECE30E16F1,SUPPLIER_FINANCE,0.69,1559920.79,1219045.18,0.12,0.27
DA898FE4A8,DECE30E16F1,RETAIN_CASH,0.35,2407162.79,596426.04,-0.28,0.17
DA6C976479,DEC46B38838,PAY_NOW,0.86,3458848.46,1020891.12,-0.05,0.66
DA023458E2,DEC46B38838,PAY_AT_MATURITY,0.23,2441297.37,656343.15,0.14,0.61
DA28FCF771,DEC46B38838,DELAY_PAYMENT,0.28,2687177.78,1380085.39,0.27,0.82
DA9DE74C2C,DEC46B38838,CAPTURE_DISCOUNT,0.52,3840559.55,1024210.33,0.04,0.43
DA42807117,DEC46B38838,BANK_FINANCE,0.71,634887.86,608903.54,-0.18,0.84
DA527800E5,DEC46B38838,SUPPLIER_FINANCE,0.83,2243727.24,532220.74,-0.03,0.55
DA21D66D9C,DEC46B38838,RETAIN_CASH,0.89,3076873.57,903038.41,0.05,0.47
DA8530EEF3,DEC6ACCE1A3,PAY_NOW,0.88,2424246.62,960330.79,0.24,0.34
DADF31DF5B,DEC6ACCE1A3,PAY_AT_MATURITY,0.23,1302027.42,1335227.0,-0.26,0.79
DA6E598C8E,DEC6ACCE1A3,DELAY_PAYMENT,0.35,2071727.98,804274.46,0.03,0.66
DA146B5874,DEC6ACCE1A3,CAPTURE_DISCOUNT,0.29,2923849.85,1030141.59,0.12,0.74
DA9DB6D15B,DEC6ACCE1A3,BANK_FINANCE,0.39,1857998.56,297397.92,0.11,0.54
DA52F8E82B,DEC6ACCE1A3,SUPPLIER_FINANCE,0.82,2963061.87,1726969.73,0.22,0.4
DA1775C672,DEC6ACCE1A3,RETAIN_CASH,0.13,1605702.47,1907956.01,-0.15,0.43
DA619552B3,DEC86A44AFA,PAY_NOW,0.59,172753.92,314324.23,0.11,0.77
DAC4F15489,DEC86A44AFA,PAY_AT_MATURITY,0.8,392808.76,297457.1,-0.24,0.38
DACE2A566E,DEC86A44AFA,DELAY_PAYMENT,0.47,653836.07,113841.5,-0.16,0.53
DA6008ADA6,DEC86A44AFA,CAPTURE_DISCOUNT,0.69,510398.45,426757.81,-0.18,0.36
DACF61A837,DEC86A44AFA,BANK_FINANCE,0.56,1128299.58,133445.45,0.17,0.71
DA2C26FEA7,DEC86A44AFA,SUPPLIER_FINANCE,0.41,410099.23,229601.41,0.14,0.41
DA3FE0DC21,DEC86A44AFA,RETAIN_CASH,0.42,529745.82,73142.63,0.22,0.33
DA50C111D7,DECF0B0B35F,PAY_NOW,0.88,465046.87,540869.35,0.1,0.37
DAB1D808A7,DECF0B0B35F,PAY_AT_MATURITY,0.72,385806.84,528301.43,-0.13,0.29
DAA4E13EAC,DECF0B0B35F,DELAY_PAYMENT,0.22,1257772.69,639470.63,0.15,0.64
DA2FC9B8FF,DECF0B0B35F,CAPTURE_DISCOUNT,0.78,422870.73,421957.18,0.12,0.59
DACC41DBAE,DECF0B0B35F,BANK_FINANCE,0.87,663076.07,228513.87,0.17,0.86
DAC11768CD,DECF0B0B35F,SUPPLIER_FINANCE,0.62,695294.88,514962.16,0.05,0.4
DAABB3B9B4,DECF0B0B35F,RETAIN_CASH,0.68,851739.34,474555.19,0.1,0.71
DA98BCB967,DEC31FBDB92,PAY_NOW,0.89,1871931.47,1153800.95,-0.18,0.53
DACA6EC3BF,DEC31FBDB92,PAY_AT_MATURITY,0.8,2672873.02,386190.54,0.13,0.65
DA60DDAEBA,DEC31FBDB92,DELAY_PAYMENT,0.15,850923.88,919680.05,-0.22,0.65
DA58FB91C2,DEC31FBDB92,CAPTURE_DISCOUNT,0.18,1792232.57,1022683.98,-0.18,0.88
DAD36AD9B5,DEC31FBDB92,BANK_FINANCE,0.47,568837.05,386193.94,0.09,0.7
DA105C5BAF,DEC31FBDB92,SUPPLIER_FINANCE,0.61,2486002.04,535086.54,-0.23,0.13
DAAA338D8E,DEC31FBDB92,RETAIN_CASH,0.7,2269531.65,1210768.16,0.06,0.33
DA5EA3D0FE,DECFAD7C285,PAY_NOW,0.87,2510081.54,313005.76,-0.18,0.25
DA6047C553,DECFAD7C285,PAY_AT_MATURITY,0.72,2746748.9,772455.76,0.03,0.52
DA03735DA6,DECFAD7C285,DELAY_PAYMENT,0.36,2700586.69,856269.21,0.16,0.63
DAB6CA4BDC,DECFAD7C285,CAPTURE_DISCOUNT,0.35,1915329.73,785395.51,-0.16,0.56
DAAFFD620A,DECFAD7C285,BANK_FINANCE,0.9,3350803.75,1642726.12,-0.0,0.81
DA15F03319,DECFAD7C285,SUPPLIER_FINANCE,0.75,1927951.55,475095.16,0.29,0.19
DAF539F2E2,DECFAD7C285,RETAIN_CASH,0.34,957815.72,2153389.48,0.23,0.47
DA4F53D4E1,DEC61838417,PAY_NOW,0.8,2145488.51,1518588.18,-0.25,0.43
DAE7FE3F4E,DEC61838417,PAY_AT_MATURITY,0.12,2397764.46,1674376.53,0.15,0.11
DA2376A324,DEC61838417,DELAY_PAYMENT,0.34,1229052.18,1255270.28,0.19,0.16
DAB05925DE,DEC61838417,CAPTURE_DISCOUNT,0.15,3821662.14,1483391.03,0.27,0.63
DAF7B51A94,DEC61838417,BANK_FINANCE,0.82,1054515.38,1354682.24,-0.26,0.63
DA9BA517EB,DEC61838417,SUPPLIER_FINANCE,0.29,599728.37,273169.69,0.16,0.85
DA588C0E8B,DEC61838417,RETAIN_CASH,0.34,3788363.9,1457929.32,-0.02,0.8
DA8F15C3BC,DEC139E22D7,PAY_NOW,0.93,548877.14,963290.17,0.1,0.86
DA4453952A,DEC139E22D7,PAY_AT_MATURITY,0.16,1500546.17,1789541.89,0.23,0.44
DA583D6754,DEC139E22D7,DELAY_PAYMENT,0.75,2845897.01,462258.97,-0.26,0.34
DA4929F57B,DEC139E22D7,CAPTURE_DISCOUNT,0.83,2770884.06,741929.4,-0.1,0.67
DA621032B0,DEC139E22D7,BANK_FINANCE,0.23,946439.01,940837.44,0.22,0.6
DA47331522,DEC139E22D7,SUPPLIER_FINANCE,0.31,2940654.87,251984.66,0.17,0.83
DA3C4580EC,DEC139E22D7,RETAIN_CASH,0.11,1265869.63,885671.71,-0.29,0.78
DA331D7E93,DECE9753A95,PAY_NOW,0.82,179747.0,252407.07,0.15,0.68
DA4A637993,DECE9753A95,PAY_AT_MATURITY,0.43,1100620.81,478381.04,0.01,0.63
DA34DD469C,DECE9753A95,DELAY_PAYMENT,0.61,1023530.26,648303.16,-0.03,0.6
DA4FB73071,DECE9753A95,CAPTURE_DISCOUNT,0.18,764591.28,557534.71,0.12,0.45
DA8AADE396,DECE9753A95,BANK_FINANCE,0.15,179209.52,591059.73,0.29,0.36
DA4C0D6EBD,DECE9753A95,SUPPLIER_FINANCE,0.44,1208171.84,473305.33,0.13,0.71
DAAA2C52B6,DECE9753A95,RETAIN_CASH,0.63,613797.18,620636.03,0.24,0.24
DA6423D4B0,DECA8283E15,PAY_NOW,0.74,1051575.27,96022.71,-0.13,0.78
DA3A433016,DECA8283E15,PAY_AT_MATURITY,0.87,498540.39,255215.75,-0.04,0.64
DA22267301,DECA8283E15,DELAY_PAYMENT,0.69,922901.26,193778.85,-0.15,0.48
DAFBFD3D3E,DECA8283E15,CAPTURE_DISCOUNT,0.76,763284.26,593719.21,0.01,0.83
DA058A009A,DECA8283E15,BANK_FINANCE,0.64,745319.64,388223.22,0.2,0.82
DA7AB44AEC,DECA8283E15,SUPPLIER_FINANCE,0.22,755832.43,552393.43,-0.27,0.65
DAF2E3DE8D,DECA8283E15,RETAIN_CASH,0.72,387134.43,482450.34,0.3,0.17
DAEA0B0850,DEC1E87F7C1,PAY_NOW,0.91,469777.41,1215159.54,-0.22,0.19
DAF1FA0497,DEC1E87F7C1,PAY_AT_MATURITY,0.51,790461.36,1034006.98,0.03,0.72
DA1C003B6E,DEC1E87F7C1,DELAY_PAYMENT,0.49,588043.37,354387.02,0.2,0.39
DA2D1E82EF,DEC1E87F7C1,CAPTURE_DISCOUNT,0.74,2161339.46,166240.76,-0.24,0.46
DABF1EEF1C,DEC1E87F7C1,BANK_FINANCE,0.59,578804.66,867001.48,0.16,0.78
DA068844A2,DEC1E87F7C1,SUPPLIER_FINANCE,0.59,502529.21,777759.95,0.05,0.53
DA64042B7A,DEC1E87F7C1,RETAIN_CASH,0.46,1714866.32,574715.94,-0.22,0.73
DA1ED588B1,DECB0CC7D4F,PAY_NOW,0.81,3248244.44,574780.71,0.19,0.83
DA274D0458,DECB0CC7D4F,PAY_AT_MATURITY,0.2,2978841.85,1958414.81,0.19,0.58
DAB3F5671D,DECB0CC7D4F,DELAY_PAYMENT,0.48,2099896.58,1746564.44,-0.12,0.74
DA797C99DC,DECB0CC7D4F,CAPTURE_DISCOUNT,0.19,613607.48,974319.27,-0.08,0.63
DAA3DFB2FA,DECB0CC7D4F,BANK_FINANCE,0.37,3249466.76,1027069.66,0.18,0.23
DA887AFFB6,DECB0CC7D4F,SUPPLIER_FINANCE,0.35,3550840.33,1997107.76,0.0,0.47
DA7C09BBAB,DECB0CC7D4F,RETAIN_CASH,0.37,1588938.3,374186.22,0.18,0.47
DA4950BF72,DEC5567A021,PAY_NOW,0.44,604736.12,373670.51,0.16,0.44
DA18FC519C,DEC5567A021,PAY_AT_MATURITY,0.81,731148.9,315422.73,-0.23,0.6
DA2E3B5B9A,DEC5567A021,DELAY_PAYMENT,0.84,632267.01,407081.07,-0.2,0.26
DAC2A46E02,DEC5567A021,CAPTURE_DISCOUNT,0.64,457963.54,165132.53,0.03,0.79
DA30A0AA02,DEC5567A021,BANK_FINANCE,0.74,202053.1,307660.92,0.24,0.46
DA72C4FD7C,DEC5567A021,SUPPLIER_FINANCE,0.44,455707.35,321460.97,-0.04,0.13
DAFCE3501F,DEC5567A021,RETAIN_CASH,0.3,793452.66,343646.89,0.19,0.46
DA1435CFB6,DECBEF7F570,PAY_NOW,0.89,2658952.94,1200173.61,-0.08,0.71
DA80E0E7B0,DECBEF7F570,PAY_AT_MATURITY,0.84,746040.96,582176.94,-0.18,0.51
DA22C9D040,DECBEF7F570,DELAY_PAYMENT,0.53,3237102.99,820372.63,-0.15,0.43
DAA311275C,DECBEF7F570,CAPTURE_DISCOUNT,0.59,670919.55,1296943.41,0.02,0.62
DA0242E01C,DECBEF7F570,BANK_FINANCE,0.3,2657333.19,307500.73,0.23,0.5
DA0A561F55,DECBEF7F570,SUPPLIER_FINANCE,0.69,2888466.54,550602.18,0.07,0.84
DA4D4D02B7,DECBEF7F570,RETAIN_CASH,0.79,2817637.76,1046850.25,-0.1,0.58
DAC10A19F4,DEC4E673F8E,PAY_NOW,0.83,2931638.84,1893762.18,-0.02,0.52
DA34FA4E42,DEC4E673F8E,PAY_AT_MATURITY,0.75,3802975.45,1884875.51,0.2,0.69
DA36CF54CB,DEC4E673F8E,DELAY_PAYMENT,0.14,1634438.57,720000.79,0.11,0.63
DAD55CF927,DEC4E673F8E,CAPTURE_DISCOUNT,0.36,2551472.32,318784.96,0.05,0.39
DAD365D408,DEC4E673F8E,BANK_FINANCE,0.88,2554857.7,1338351.44,0.02,0.71
DA396E6A0F,DEC4E673F8E,SUPPLIER_FINANCE,0.53,2591003.02,322442.05,-0.07,0.16
DAE41C3426,DEC4E673F8E,RETAIN_CASH,0.63,3107389.33,1503599.35,0.25,0.82
DA8D024286,DECEAADCBDD,PAY_NOW,0.82,486792.37,176125.86,0.0,0.87
DA3205FF8B,DECEAADCBDD,PAY_AT_MATURITY,0.52,925771.76,102437.01,0.1,0.59
DA95CF0648,DECEAADCBDD,DELAY_PAYMENT,0.35,850619.86,558255.22,0.09,0.24
DA0E7239F5,DECEAADCBDD,CAPTURE_DISCOUNT,0.53,899579.32,543917.53,0.19,0.31
DA56BD2780,DECEAADCBDD,BANK_FINANCE,0.53,606275.92,235011.0,0.28,0.16
DA6640CE31,DECEAADCBDD,SUPPLIER_FINANCE,0.34,981539.97,443874.02,-0.21,0.78
DA09523C95,DECEAADCBDD,RETAIN_CASH,0.57,1085499.95,107217.13,0.15,0.78
DA10A47D53,DEC8E944D37,PAY_NOW,0.92,2577227.32,289362.39,0.19,0.12
DAF6F76448,DEC8E944D37,PAY_AT_MATURITY,0.55,3462326.92,431074.4,0.2,0.86
DA13B836F3,DEC8E944D37,DELAY_PAYMENT,0.17,1113486.26,1296877.22,0.29,0.35
DA87F3D0B6,DEC8E944D37,CAPTURE_DISCOUNT,0.3,3108223.94,1516818.51,0.25,0.13
DA51E17374,DEC8E944D37,BANK_FINANCE,0.14,2577805.28,1576429.15,-0.16,0.72
DA3DC8F74A,DEC8E944D37,SUPPLIER_FINANCE,0.26,3070010.85,899150.52,0.07,0.35
DA203D7C21,DEC8E944D37,RETAIN_CASH,0.12,2906826.66,494912.24,-0.14,0.71
DA377E345D,DEC72DBC9B3,PAY_NOW,0.69,253114.42,121662.74,0.17,0.67
DAE79FD070,DEC72DBC9B3,PAY_AT_MATURITY,0.82,182555.63,102023.78,-0.26,0.42
DA583E9F02,DEC72DBC9B3,DELAY_PAYMENT,0.74,139249.45,66317.09,-0.1,0.54
DAC0CC3B00,DEC72DBC9B3,CAPTURE_DISCOUNT,0.72,226474.7,18893.65,-0.01,0.76
DAFBF9F0BE,DEC72DBC9B3,BANK_FINANCE,0.86,48961.06,19597.28,0.18,0.74
DA062ACD7C,DEC72DBC9B3,SUPPLIER_FINANCE,0.86,142679.18,119019.34,0.13,0.25
DA35A019C7,DEC72DBC9B3,RETAIN_CASH,0.52,247057.75,79685.68,0.03,0.86
DA9C40F5E0,DECC05B7437,PAY_NOW,0.86,641148.72,827804.47,0.13,0.4
DACB47ACF3,DECC05B7437,PAY_AT_MATURITY,0.77,984855.88,871817.67,0.19,0.67
DAEC2A348B,DECC05B7437,DELAY_PAYMENT,0.13,1894526.92,228174.97,-0.0,0.74
DA41ACAEFC,DECC05B7437,CAPTURE_DISCOUNT,0.75,1176520.82,784763.13,-0.29,0.72
DA2669D754,DECC05B7437,BANK_FINANCE,0.3,1680428.04,489409.43,0.13,0.61
DAE8B282D8,DECC05B7437,SUPPLIER_FINANCE,0.76,274035.14,342687.79,0.17,0.21
DA712CCEBA,DECC05B7437,RETAIN_CASH,0.84,1445619.96,230743.67,0.11,0.84
DA0C12319D,DEC048F2161,PAY_NOW,0.92,597104.61,285310.36,0.22,0.33
DA032AAD87,DEC048F2161,PAY_AT_MATURITY,0.35,122709.37,438278.56,0.16,0.56
DA9B3E60E4,DEC048F2161,DELAY_PAYMENT,0.57,690582.81,153851.05,-0.04,0.55
DA5EDB09F9,DEC048F2161,CAPTURE_DISCOUNT,0.7,918218.97,393839.71,-0.04,0.25
DA8E4015CE,DEC048F2161,BANK_FINANCE,0.53,290351.22,103158.75,-0.09,0.64
DA05750A39,DEC048F2161,SUPPLIER_FINANCE,0.43,598058.59,303899.74,0.18,0.49
DA26A73937,DEC048F2161,RETAIN_CASH,0.74,396199.05,88914.63,0.26,0.75
DA6415ABA1,DECB33674D0,PAY_NOW,0.26,1556295.39,172954.06,-0.28,0.55
DA44842D39,DECB33674D0,PAY_AT_MATURITY,0.73,264791.29,176383.6,0.19,0.44
DAAE97B692,DECB33674D0,DELAY_PAYMENT,0.56,1638413.4,300538.06,0.12,0.14
DA23C8D5BF,DECB33674D0,CAPTURE_DISCOUNT,0.28,1607605.63,241900.47,-0.05,0.19
DA1532CC1F,DECB33674D0,BANK_FINANCE,0.74,546740.79,386535.16,-0.09,0.68
DA65DDF329,DECB33674D0,SUPPLIER_FINANCE,0.2,619451.91,624526.99,-0.03,0.57
DAC555E996,DECB33674D0,RETAIN_CASH,0.15,378261.17,706657.03,-0.13,0.85
DA35F56D07,DEC6276426A,PAY_NOW,0.94,585341.3,506220.52,0.11,0.42
DAFCB75365,DEC6276426A,PAY_AT_MATURITY,0.21,465439.11,1211391.77,0.21,0.32
DA17B6A086,DEC6276426A,DELAY_PAYMENT,0.61,1799588.25,211216.54,-0.07,0.69
DAD44F77AE,DEC6276426A,CAPTURE_DISCOUNT,0.59,2241853.86,948220.68,-0.16,0.58
DA11DCB62B,DEC6276426A,BANK_FINANCE,0.65,441236.4,388749.38,-0.22,0.68
DAA12E677B,DEC6276426A,SUPPLIER_FINANCE,0.12,1391502.82,1237581.13,-0.24,0.55
DA137BC334,DEC6276426A,RETAIN_CASH,0.42,387584.06,233577.84,0.08,0.27
DA7E4AE38B,DECEB2956A2,PAY_NOW,0.87,1900457.64,576695.43,0.2,0.15
DA5E629296,DECEB2956A2,PAY_AT_MATURITY,0.33,2109180.97,1152763.02,0.04,0.51
DAE231142A,DECEB2956A2,DELAY_PAYMENT,0.87,1853416.22,1063654.78,-0.24,0.6
DAEB44BBBF,DECEB2956A2,CAPTURE_DISCOUNT,0.88,2155401.96,571561.14,-0.16,0.15
DA8A6B73A5,DECEB2956A2,BANK_FINANCE,0.67,2141693.64,299450.4,0.05,0.54
DA62085F48,DECEB2956A2,SUPPLIER_FINANCE,0.38,2634728.79,480412.74,0.09,0.2
DAD188414A,DECEB2956A2,RETAIN_CASH,0.16,3101260.35,1483738.58,-0.15,0.31
DA2EA1D8A1,DEC0FFAE293,PAY_NOW,0.82,4046443.76,1711332.79,0.29,0.34
DA2CD0995E,DEC0FFAE293,PAY_AT_MATURITY,0.84,2980516.29,1308977.29,-0.11,0.31
DA19DD4B69,DEC0FFAE293,DELAY_PAYMENT,0.42,1993047.15,579448.91,-0.24,0.67
DA52D355FF,DEC0FFAE293,CAPTURE_DISCOUNT,0.57,4411188.46,745475.5,-0.17,0.56
DACB64C126,DEC0FFAE293,BANK_FINANCE,0.62,2200631.64,1935803.35,0.2,0.6
DAC7C29D02,DEC0FFAE293,SUPPLIER_FINANCE,0.2,3413440.95,807180.03,0.21,0.23
DA35D6B173,DEC0FFAE293,RETAIN_CASH,0.13,4413386.07,1850145.21,-0.03,0.39
DADE04102B,DEC6E4392B6,PAY_NOW,0.88,2627531.34,1309556.81,0.12,0.18
DAA51CB0E0,DEC6E4392B6,PAY_AT_MATURITY,0.71,1000129.09,679810.01,-0.27,0.28
DA88A1A922,DEC6E4392B6,DELAY_PAYMENT,0.36,1371642.12,559448.19,0.0,0.38
DA69D662C2,DEC6E4392B6,CAPTURE_DISCOUNT,0.36,1394920.51,1406325.44,0.09,0.7
DA609DE745,DEC6E4392B6,BANK_FINANCE,0.43,1187533.0,962816.79,0.16,0.11
DA249F862B,DEC6E4392B6,SUPPLIER_FINANCE,0.18,2158833.74,888959.95,-0.2,0.85
DA3FE1FFD0,DEC6E4392B6,RETAIN_CASH,0.47,2456415.05,1154068.75,-0.1,0.29
DAF121730B,DEC31A79864,PAY_NOW,0.84,1421460.34,589074.55,0.29,0.46
DAB0F3DA0C,DEC31A79864,PAY_AT_MATURITY,0.3,708003.14,599680.25,-0.13,0.65
DAAF170560,DEC31A79864,DELAY_PAYMENT,0.18,533973.27,651822.62,-0.09,0.28
DACA94C10F,DEC31A79864,CAPTURE_DISCOUNT,0.66,645078.39,727643.86,0.15,0.68
DAFB36E8B0,DEC31A79864,BANK_FINANCE,0.62,1018554.02,251062.93,-0.22,0.49
DAFA63EB68,DEC31A79864,SUPPLIER_FINANCE,0.75,1485480.16,472953.96,0.16,0.3
DA2D455568,DEC31A79864,RETAIN_CASH,0.3,1282666.1,478683.27,-0.29,0.57
DA45E2AECA,DEC5A8FCA5F,PAY_NOW,0.91,635264.1,129290.26,-0.12,0.7
DA0E13BE22,DEC5A8FCA5F,PAY_AT_MATURITY,0.29,193509.64,166344.75,-0.12,0.63
DA0CD3FC0C,DEC5A8FCA5F,DELAY_PAYMENT,0.72,461230.81,181338.82,0.1,0.47
DAE8A7D00E,DEC5A8FCA5F,CAPTURE_DISCOUNT,0.31,149124.76,325860.24,-0.07,0.82
DA929F3661,DEC5A8FCA5F,BANK_FINANCE,0.53,446873.53,262873.28,-0.01,0.12
DA5F316F27,DEC5A8FCA5F,SUPPLIER_FINANCE,0.78,265683.41,174392.49,0.08,0.19
DA973A016E,DEC5A8FCA5F,RETAIN_CASH,0.8,464112.67,91769.56,-0.21,0.45
DA1EB0CC73,DECE3DF1C8B,PAY_NOW,0.81,578710.67,106680.67,-0.07,0.9
DA8985E04F,DECE3DF1C8B,PAY_AT_MATURITY,0.17,468163.83,382407.06,0.06,0.44
DA065D81A4,DECE3DF1C8B,DELAY_PAYMENT,0.9,755024.64,140249.26,-0.08,0.41
DA8A55951F,DECE3DF1C8B,CAPTURE_DISCOUNT,0.4,242483.7,256350.69,0.19,0.48
DA55DA3FAF,DECE3DF1C8B,BANK_FINANCE,0.74,356430.03,153127.29,0.19,0.56
DA96F2F97D,DECE3DF1C8B,SUPPLIER_FINANCE,0.78,322084.18,98038.73,-0.17,0.47
DA5D30B3B3,DECE3DF1C8B,RETAIN_CASH,0.73,176509.32,383046.63,0.0,0.35
DA3FE27FB1,DECF84F3BE2,PAY_NOW,0.83,464132.67,285941.36,0.03,0.79
DA510CF5A2,DECF84F3BE2,PAY_AT_MATURITY,0.69,450597.24,253660.07,0.11,0.45
DA241B0D89,DECF84F3BE2,DELAY_PAYMENT,0.46,394245.68,234687.23,-0.28,0.48
DA5BD58802,DECF84F3BE2,CAPTURE_DISCOUNT,0.7,322892.51,76087.38,-0.07,0.42
DA3E6329E4,DECF84F3BE2,BANK_FINANCE,0.45,461347.52,203668.85,-0.12,0.89
DA3291FB7B,DECF84F3BE2,SUPPLIER_FINANCE,0.51,312607.21,272926.81,-0.16,0.68
DAA91475EA,DECF84F3BE2,RETAIN_CASH,0.63,361164.54,106325.39,-0.06,0.38
DA13B7DCC6,DECFC350295,PAY_NOW,0.91,637890.61,1956026.26,0.15,0.49
DA204772FF,DECFC350295,PAY_AT_MATURITY,0.38,1333682.26,865794.89,0.25,0.46
DA8B147ECB,DECFC350295,DELAY_PAYMENT,0.3,1014185.64,1192388.8,0.16,0.34
DAE7AB9D21,DECFC350295,CAPTURE_DISCOUNT,0.62,3443824.1,1847824.91,0.01,0.38
DA5E2FE629,DECFC350295,BANK_FINANCE,0.34,2832304.84,1439318.6,-0.1,0.52
DAD1B278A4,DECFC350295,SUPPLIER_FINANCE,0.68,647154.68,644677.6,0.16,0.41
DA54802ED3,DECFC350295,RETAIN_CASH,0.28,4544268.81,1388576.51,-0.04,0.21
DA8A35D3B3,DEC4BDC762E,PAY_NOW,0.89,1110297.31,1608829.62,-0.05,0.66
DA4A90A0A8,DEC4BDC762E,PAY_AT_MATURITY,0.41,4235854.39,476785.97,0.21,0.78
DA98E9B1AB,DEC4BDC762E,DELAY_PAYMENT,0.27,1785699.55,1913629.92,-0.1,0.66
DA2B62A0C3,DEC4BDC762E,CAPTURE_DISCOUNT,0.37,679352.48,2383229.01,-0.2,0.31
DACD5518AE,DEC4BDC762E,BANK_FINANCE,0.9,1155245.86,1496562.6,-0.3,0.47
DA4AD50C58,DEC4BDC762E,SUPPLIER_FINANCE,0.3,1484421.03,1529101.12,0.18,0.18
DAABD4F56F,DEC4BDC762E,RETAIN_CASH,0.49,4604564.54,713463.89,0.2,0.29
DA50059A52,DECB205C000,PAY_NOW,0.81,210869.03,369014.1,-0.01,0.24
DA85D69689,DECB205C000,PAY_AT_MATURITY,0.36,160576.83,153393.98,0.15,0.39
DA2DDCCBFF,DECB205C000,DELAY_PAYMENT,0.9,1105037.68,594506.88,0.14,0.4
DA2EB30141,DECB205C000,CAPTURE_DISCOUNT,0.25,674901.63,160833.57,-0.1,0.7
DA9981EAB3,DECB205C000,BANK_FINANCE,0.85,223598.09,279589.08,0.13,0.37
DA961F986B,DECB205C000,SUPPLIER_FINANCE,0.81,438920.43,583548.38,-0.06,0.43
DA8227D3F3,DECB205C000,RETAIN_CASH,0.2,616249.53,549600.44,0.24,0.84
DAD5D009D2,DEC54A3B400,PAY_NOW,0.28,697751.67,741530.74,-0.16,0.32
DA2A8438B8,DEC54A3B400,PAY_AT_MATURITY,0.82,1135874.08,611120.49,0.2,0.28
DA53CC766F,DEC54A3B400,DELAY_PAYMENT,0.86,684448.05,684784.55,-0.26,0.11
DAD8ED2094,DEC54A3B400,CAPTURE_DISCOUNT,0.25,1451615.56,182057.24,0.27,0.12
DAB7945A27,DEC54A3B400,BANK_FINANCE,0.24,1120967.5,603992.08,0.11,0.42
DADDE3DE1C,DEC54A3B400,SUPPLIER_FINANCE,0.48,850605.51,493486.5,-0.3,0.15
DA268C012E,DEC54A3B400,RETAIN_CASH,0.82,1383188.45,510923.78,-0.22,0.62
DAABFE2746,DECAD5DFF25,PAY_NOW,0.94,2118638.24,1045049.07,-0.15,0.11
DADB052FD9,DECAD5DFF25,PAY_AT_MATURITY,0.37,1258061.29,812342.91,-0.21,0.8
DAA3806F32,DECAD5DFF25,DELAY_PAYMENT,0.18,1266465.2,418773.22,-0.24,0.66
DADBD31EC5,DECAD5DFF25,CAPTURE_DISCOUNT,0.76,2187783.99,848160.15,-0.25,0.69
DAA6E9BCC4,DECAD5DFF25,BANK_FINANCE,0.46,1535713.27,302182.69,-0.21,0.47
DA6CB38965,DECAD5DFF25,SUPPLIER_FINANCE,0.33,1915838.35,1152274.87,0.22,0.4
DA10AA9458,DECAD5DFF25,RETAIN_CASH,0.48,2789803.01,242070.93,-0.16,0.53
DA7135BAFA,DECC60CA195,PAY_NOW,0.89,659781.71,827774.43,-0.06,0.78
DA0AE66085,DECC60CA195,PAY_AT_MATURITY,0.61,1515909.88,378480.22,0.25,0.15
DAA7744B70,DECC60CA195,DELAY_PAYMENT,0.54,916869.44,945496.09,0.11,0.26
DA9120B173,DECC60CA195,CAPTURE_DISCOUNT,0.76,1596927.09,884629.2,-0.14,0.3
DA01964D1E,DECC60CA195,BANK_FINANCE,0.7,1381378.84,540839.83,0.17,0.52
DA481AAF00,DECC60CA195,SUPPLIER_FINANCE,0.88,1410490.07,429164.71,0.15,0.83
DA7F2499A7,DECC60CA195,RETAIN_CASH,0.83,1554327.72,239595.03,0.11,0.21
DA1D0C512C,DECF80014E3,PAY_NOW,0.28,440808.54,110114.68,0.13,0.87
DA41AFD71E,DECF80014E3,PAY_AT_MATURITY,0.74,251069.68,234376.74,0.22,0.25
DACFC380CB,DECF80014E3,DELAY_PAYMENT,0.82,478755.8,242101.85,0.13,0.34
DA0AD75444,DECF80014E3,CAPTURE_DISCOUNT,0.52,144566.98,158484.28,-0.21,0.22
DA5B1F1928,DECF80014E3,BANK_FINANCE,0.64,504668.36,278008.92,0.23,0.43
DA832A6A63,DECF80014E3,SUPPLIER_FINANCE,0.74,298309.13,276342.27,0.2,0.5
DA04C85B08,DECF80014E3,RETAIN_CASH,0.37,436682.4,169697.36,0.13,0.27
